industry_segment_label,hfb_no,date_purchase_month,cust_by_hfb
Food_Beverage,01,2023-06-01,23
Food_Beverage,01,2023-07-01,17
Food_Beverage,01,2023-08-01,31
Food_Beverage,01,2023-09-01,13
Food_Beverage,01,2023-10-01,18
Food_Beverage,01,2023-11-01,18
Food_Beverage,01,2023-12-01,18
Food_Beverage,01,2024-01-01,14
Food_Beverage,01,2024-02-01,30
Food_Beverage,01,2024-03-01,30
Food_Beverage,01,2024-04-01,27
Food_Beverage,01,2024-05-01,27
Food_Beverage,01,2024-06-01,23
Food_Beverage,01,2024-07-01,28
Food_Beverage,01,2024-08-01,20
Food_Beverage,01,2024-09-01,19
Food_Beverage,01,2024-10-01,28
Food_Beverage,01,2024-11-01,32
Food_Beverage,01,2024-12-01,24
Food_Beverage,01,2025-01-01,28
Food_Beverage,01,2025-02-01,35
Food_Beverage,01,2025-03-01,17
Food_Beverage,01,2025-04-01,32
Food_Beverage,01,2025-05-01,29
Food_Beverage,02,2023-06-01,54
Food_Beverage,02,2023-07-01,57
Food_Beverage,02,2023-08-01,54
Food_Beverage,02,2023-09-01,54
Food_Beverage,02,2023-10-01,53
Food_Beverage,02,2023-11-01,62
Food_Beverage,02,2023-12-01,64
Food_Beverage,02,2024-01-01,78
Food_Beverage,02,2024-02-01,86
Food_Beverage,02,2024-03-01,66
Food_Beverage,02,2024-04-01,85
Food_Beverage,02,2024-05-01,97
Food_Beverage,02,2024-06-01,76
Food_Beverage,02,2024-07-01,81
Food_Beverage,02,2024-08-01,62
Food_Beverage,02,2024-09-01,77
Food_Beverage,02,2024-10-01,71
Food_Beverage,02,2024-11-01,90
Food_Beverage,02,2024-12-01,63
Food_Beverage,02,2025-01-01,93
Food_Beverage,02,2025-02-01,74
Food_Beverage,02,2025-03-01,102
Food_Beverage,02,2025-04-01,81
Food_Beverage,02,2025-05-01,98
Food_Beverage,03,2023-06-01,30
Food_Beverage,03,2023-07-01,25
Food_Beverage,03,2023-08-01,25
Food_Beverage,03,2023-09-01,30
Food_Beverage,03,2023-10-01,26
Food_Beverage,03,2023-11-01,28
Food_Beverage,03,2023-12-01,26
Food_Beverage,03,2024-01-01,40
Food_Beverage,03,2024-02-01,36
Food_Beverage,03,2024-03-01,38
Food_Beverage,03,2024-04-01,34
Food_Beverage,03,2024-05-01,47
Food_Beverage,03,2024-06-01,25
Food_Beverage,03,2024-07-01,27
Food_Beverage,03,2024-08-01,46
Food_Beverage,03,2024-09-01,38
Food_Beverage,03,2024-10-01,33
Food_Beverage,03,2024-11-01,36
Food_Beverage,03,2024-12-01,38
Food_Beverage,03,2025-01-01,43
Food_Beverage,03,2025-02-01,34
Food_Beverage,03,2025-03-01,38
Food_Beverage,03,2025-04-01,19
Food_Beverage,03,2025-05-01,42
Food_Beverage,04,2023-06-01,38
Food_Beverage,04,2023-07-01,29
Food_Beverage,04,2023-08-01,31
Food_Beverage,04,2023-09-01,42
Food_Beverage,04,2023-10-01,45
Food_Beverage,04,2023-11-01,50
Food_Beverage,04,2023-12-01,43
Food_Beverage,04,2024-01-01,46
Food_Beverage,04,2024-02-01,51
Food_Beverage,04,2024-03-01,46
Food_Beverage,04,2024-04-01,46
Food_Beverage,04,2024-05-01,52
Food_Beverage,04,2024-06-01,40
Food_Beverage,04,2024-07-01,41
Food_Beverage,04,2024-08-01,51
Food_Beverage,04,2024-09-01,52
Food_Beverage,04,2024-10-01,57
Food_Beverage,04,2024-11-01,54
Food_Beverage,04,2024-12-01,55
Food_Beverage,04,2025-01-01,57
Food_Beverage,04,2025-02-01,61
Food_Beverage,04,2025-03-01,66
Food_Beverage,04,2025-04-01,48
Food_Beverage,04,2025-05-01,50
Food_Beverage,05,2023-06-01,15
Food_Beverage,05,2023-07-01,12
Food_Beverage,05,2023-08-01,10
Food_Beverage,05,2023-09-01,9
Food_Beverage,05,2023-10-01,15
Food_Beverage,05,2023-11-01,12
Food_Beverage,05,2023-12-01,12
Food_Beverage,05,2024-01-01,12
Food_Beverage,05,2024-02-01,15
Food_Beverage,05,2024-03-01,23
Food_Beverage,05,2024-04-01,19
Food_Beverage,05,2024-05-01,28
Food_Beverage,05,2024-06-01,20
Food_Beverage,05,2024-07-01,27
Food_Beverage,05,2024-08-01,16
Food_Beverage,05,2024-09-01,17
Food_Beverage,05,2024-10-01,13
Food_Beverage,05,2024-11-01,21
Food_Beverage,05,2024-12-01,23
Food_Beverage,05,2025-01-01,28
Food_Beverage,05,2025-02-01,15
Food_Beverage,05,2025-03-01,20
Food_Beverage,05,2025-04-01,21
Food_Beverage,05,2025-05-01,21
Food_Beverage,06,2023-06-01,67
Food_Beverage,06,2023-07-01,58
Food_Beverage,06,2023-08-01,49
Food_Beverage,06,2023-09-01,47
Food_Beverage,06,2023-10-01,58
Food_Beverage,06,2023-11-01,50
Food_Beverage,06,2023-12-01,37
Food_Beverage,06,2024-01-01,41
Food_Beverage,06,2024-02-01,59
Food_Beverage,06,2024-03-01,64
Food_Beverage,06,2024-04-01,68
Food_Beverage,06,2024-05-01,62
Food_Beverage,06,2024-06-01,66
Food_Beverage,06,2024-07-01,55
Food_Beverage,06,2024-08-01,62
Food_Beverage,06,2024-09-01,72
Food_Beverage,06,2024-10-01,63
Food_Beverage,06,2024-11-01,53
Food_Beverage,06,2024-12-01,49
Food_Beverage,06,2025-01-01,62
Food_Beverage,06,2025-02-01,59
Food_Beverage,06,2025-03-01,104
Food_Beverage,06,2025-04-01,80
Food_Beverage,06,2025-05-01,83
Food_Beverage,07,2023-06-01,87
Food_Beverage,07,2023-07-01,82
Food_Beverage,07,2023-08-01,82
Food_Beverage,07,2023-09-01,58
Food_Beverage,07,2023-10-01,62
Food_Beverage,07,2023-11-01,65
Food_Beverage,07,2023-12-01,51
Food_Beverage,07,2024-01-01,62
Food_Beverage,07,2024-02-01,72
Food_Beverage,07,2024-03-01,76
Food_Beverage,07,2024-04-01,88
Food_Beverage,07,2024-05-01,88
Food_Beverage,07,2024-06-01,90
Food_Beverage,07,2024-07-01,80
Food_Beverage,07,2024-08-01,65
Food_Beverage,07,2024-09-01,78
Food_Beverage,07,2024-10-01,78
Food_Beverage,07,2024-11-01,80
Food_Beverage,07,2024-12-01,54
Food_Beverage,07,2025-01-01,82
Food_Beverage,07,2025-02-01,86
Food_Beverage,07,2025-03-01,97
Food_Beverage,07,2025-04-01,107
Food_Beverage,07,2025-05-01,108
Food_Beverage,08,2023-06-01,35
Food_Beverage,08,2023-07-01,33
Food_Beverage,08,2023-08-01,33
Food_Beverage,08,2023-09-01,30
Food_Beverage,08,2023-10-01,39
Food_Beverage,08,2023-11-01,38
Food_Beverage,08,2023-12-01,20
Food_Beverage,08,2024-01-01,43
Food_Beverage,08,2024-02-01,41
Food_Beverage,08,2024-03-01,45
Food_Beverage,08,2024-04-01,50
Food_Beverage,08,2024-05-01,50
Food_Beverage,08,2024-06-01,44
Food_Beverage,08,2024-07-01,45
Food_Beverage,08,2024-08-01,29
Food_Beverage,08,2024-09-01,33
Food_Beverage,08,2024-10-01,36
Food_Beverage,08,2024-11-01,38
Food_Beverage,08,2024-12-01,28
Food_Beverage,08,2025-01-01,53
Food_Beverage,08,2025-02-01,29
Food_Beverage,08,2025-03-01,52
Food_Beverage,08,2025-04-01,50
Food_Beverage,08,2025-05-01,48
Food_Beverage,09,2023-06-01,47
Food_Beverage,09,2023-07-01,32
Food_Beverage,09,2023-08-01,24
Food_Beverage,09,2023-09-01,26
Food_Beverage,09,2023-10-01,38
Food_Beverage,09,2023-11-01,36
Food_Beverage,09,2023-12-01,20
Food_Beverage,09,2024-01-01,33
Food_Beverage,09,2024-02-01,51
Food_Beverage,09,2024-03-01,57
Food_Beverage,09,2024-04-01,54
Food_Beverage,09,2024-05-01,58
Food_Beverage,09,2024-06-01,46
Food_Beverage,09,2024-07-01,48
Food_Beverage,09,2024-08-01,55
Food_Beverage,09,2024-09-01,39
Food_Beverage,09,2024-10-01,53
Food_Beverage,09,2024-11-01,51
Food_Beverage,09,2024-12-01,52
Food_Beverage,09,2025-01-01,55
Food_Beverage,09,2025-02-01,51
Food_Beverage,09,2025-03-01,55
Food_Beverage,09,2025-04-01,71
Food_Beverage,09,2025-05-01,72
Food_Beverage,10,2023-06-01,56
Food_Beverage,10,2023-07-01,40
Food_Beverage,10,2023-08-01,37
Food_Beverage,10,2023-09-01,48
Food_Beverage,10,2023-10-01,59
Food_Beverage,10,2023-11-01,62
Food_Beverage,10,2023-12-01,45
Food_Beverage,10,2024-01-01,36
Food_Beverage,10,2024-02-01,59
Food_Beverage,10,2024-03-01,61
Food_Beverage,10,2024-04-01,74
Food_Beverage,10,2024-05-01,83
Food_Beverage,10,2024-06-01,68
Food_Beverage,10,2024-07-01,66
Food_Beverage,10,2024-08-01,53
Food_Beverage,10,2024-09-01,71
Food_Beverage,10,2024-10-01,82
Food_Beverage,10,2024-11-01,91
Food_Beverage,10,2024-12-01,64
Food_Beverage,10,2025-01-01,70
Food_Beverage,10,2025-02-01,65
Food_Beverage,10,2025-03-01,77
Food_Beverage,10,2025-04-01,68
Food_Beverage,10,2025-05-01,89
Food_Beverage,11,2023-06-01,32
Food_Beverage,11,2023-07-01,34
Food_Beverage,11,2023-08-01,30
Food_Beverage,11,2023-09-01,30
Food_Beverage,11,2023-10-01,36
Food_Beverage,11,2023-11-01,35
Food_Beverage,11,2023-12-01,30
Food_Beverage,11,2024-01-01,33
Food_Beverage,11,2024-02-01,40
Food_Beverage,11,2024-03-01,38
Food_Beverage,11,2024-04-01,50
Food_Beverage,11,2024-05-01,55
Food_Beverage,11,2024-06-01,64
Food_Beverage,11,2024-07-01,56
Food_Beverage,11,2024-08-01,41
Food_Beverage,11,2024-09-01,52
Food_Beverage,11,2024-10-01,52
Food_Beverage,11,2024-11-01,62
Food_Beverage,11,2024-12-01,52
Food_Beverage,11,2025-01-01,69
Food_Beverage,11,2025-02-01,45
Food_Beverage,11,2025-03-01,61
Food_Beverage,11,2025-04-01,65
Food_Beverage,11,2025-05-01,70
Food_Beverage,12,2023-06-01,29
Food_Beverage,12,2023-07-01,35
Food_Beverage,12,2023-08-01,22
Food_Beverage,12,2023-09-01,22
Food_Beverage,12,2023-10-01,30
Food_Beverage,12,2023-11-01,37
Food_Beverage,12,2023-12-01,24
Food_Beverage,12,2024-01-01,25
Food_Beverage,12,2024-02-01,40
Food_Beverage,12,2024-03-01,48
Food_Beverage,12,2024-04-01,53
Food_Beverage,12,2024-05-01,37
Food_Beverage,12,2024-06-01,50
Food_Beverage,12,2024-07-01,51
Food_Beverage,12,2024-08-01,39
Food_Beverage,12,2024-09-01,37
Food_Beverage,12,2024-10-01,44
Food_Beverage,12,2024-11-01,55
Food_Beverage,12,2024-12-01,45
Food_Beverage,12,2025-01-01,54
Food_Beverage,12,2025-02-01,31
Food_Beverage,12,2025-03-01,44
Food_Beverage,12,2025-04-01,76
Food_Beverage,12,2025-05-01,71
Food_Beverage,13,2023-06-01,17
Food_Beverage,13,2023-07-01,18
Food_Beverage,13,2023-08-01,15
Food_Beverage,13,2023-09-01,21
Food_Beverage,13,2023-10-01,19
Food_Beverage,13,2023-11-01,19
Food_Beverage,13,2023-12-01,18
Food_Beverage,13,2024-01-01,24
Food_Beverage,13,2024-02-01,28
Food_Beverage,13,2024-03-01,30
Food_Beverage,13,2024-04-01,30
Food_Beverage,13,2024-05-01,28
Food_Beverage,13,2024-06-01,30
Food_Beverage,13,2024-07-01,23
Food_Beverage,13,2024-08-01,24
Food_Beverage,13,2024-09-01,24
Food_Beverage,13,2024-10-01,25
Food_Beverage,13,2024-11-01,30
Food_Beverage,13,2024-12-01,21
Food_Beverage,13,2025-01-01,36
Food_Beverage,13,2025-02-01,22
Food_Beverage,13,2025-03-01,30
Food_Beverage,13,2025-04-01,37
Food_Beverage,13,2025-05-01,28
Food_Beverage,14,2023-06-01,147
Food_Beverage,14,2023-07-01,101
Food_Beverage,14,2023-08-01,105
Food_Beverage,14,2023-09-01,98
Food_Beverage,14,2023-10-01,107
Food_Beverage,14,2023-11-01,121
Food_Beverage,14,2023-12-01,77
Food_Beverage,14,2024-01-01,117
Food_Beverage,14,2024-02-01,133
Food_Beverage,14,2024-03-01,153
Food_Beverage,14,2024-04-01,167
Food_Beverage,14,2024-05-01,171
Food_Beverage,14,2024-06-01,197
Food_Beverage,14,2024-07-01,169
Food_Beverage,14,2024-08-01,143
Food_Beverage,14,2024-09-01,154
Food_Beverage,14,2024-10-01,152
Food_Beverage,14,2024-11-01,164
Food_Beverage,14,2024-12-01,134
Food_Beverage,14,2025-01-01,178
Food_Beverage,14,2025-02-01,148
Food_Beverage,14,2025-03-01,207
Food_Beverage,14,2025-04-01,231
Food_Beverage,14,2025-05-01,236
Food_Beverage,15,2023-06-01,223
Food_Beverage,15,2023-07-01,168
Food_Beverage,15,2023-08-01,161
Food_Beverage,15,2023-09-01,159
Food_Beverage,15,2023-10-01,144
Food_Beverage,15,2023-11-01,178
Food_Beverage,15,2023-12-01,123
Food_Beverage,15,2024-01-01,155
Food_Beverage,15,2024-02-01,170
Food_Beverage,15,2024-03-01,254
Food_Beverage,15,2024-04-01,279
Food_Beverage,15,2024-05-01,265
Food_Beverage,15,2024-06-01,309
Food_Beverage,15,2024-07-01,243
Food_Beverage,15,2024-08-01,204
Food_Beverage,15,2024-09-01,187
Food_Beverage,15,2024-10-01,205
Food_Beverage,15,2024-11-01,211
Food_Beverage,15,2024-12-01,179
Food_Beverage,15,2025-01-01,202
Food_Beverage,15,2025-02-01,220
Food_Beverage,15,2025-03-01,293
Food_Beverage,15,2025-04-01,323
Food_Beverage,15,2025-05-01,329
Food_Beverage,16,2023-06-01,82
Food_Beverage,16,2023-07-01,76
Food_Beverage,16,2023-08-01,82
Food_Beverage,16,2023-09-01,71
Food_Beverage,16,2023-10-01,78
Food_Beverage,16,2023-11-01,92
Food_Beverage,16,2023-12-01,71
Food_Beverage,16,2024-01-01,81
Food_Beverage,16,2024-02-01,112
Food_Beverage,16,2024-03-01,118
Food_Beverage,16,2024-04-01,150
Food_Beverage,16,2024-05-01,128
Food_Beverage,16,2024-06-01,128
Food_Beverage,16,2024-07-01,110
Food_Beverage,16,2024-08-01,106
Food_Beverage,16,2024-09-01,115
Food_Beverage,16,2024-10-01,128
Food_Beverage,16,2024-11-01,150
Food_Beverage,16,2024-12-01,116
Food_Beverage,16,2025-01-01,121
Food_Beverage,16,2025-02-01,113
Food_Beverage,16,2025-03-01,152
Food_Beverage,16,2025-04-01,159
Food_Beverage,16,2025-05-01,168
Food_Beverage,17,2023-06-01,86
Food_Beverage,17,2023-07-01,48
Food_Beverage,17,2023-08-01,47
Food_Beverage,17,2023-09-01,31
Food_Beverage,17,2023-10-01,14
Food_Beverage,17,2023-11-01,22
Food_Beverage,17,2023-12-01,7
Food_Beverage,17,2024-01-01,12
Food_Beverage,17,2024-02-01,21
Food_Beverage,17,2024-03-01,42
Food_Beverage,17,2024-04-01,61
Food_Beverage,17,2024-05-01,54
Food_Beverage,17,2024-06-01,45
Food_Beverage,17,2024-07-01,52
Food_Beverage,17,2024-08-01,33
Food_Beverage,17,2024-09-01,16
Food_Beverage,17,2024-10-01,11
Food_Beverage,17,2024-11-01,12
Food_Beverage,17,2024-12-01,14
Food_Beverage,17,2025-01-01,12
Food_Beverage,17,2025-02-01,26
Food_Beverage,17,2025-03-01,72
Food_Beverage,17,2025-04-01,68
Food_Beverage,17,2025-05-01,85
Food_Beverage,18,2023-06-01,109
Food_Beverage,18,2023-07-01,91
Food_Beverage,18,2023-08-01,92
Food_Beverage,18,2023-09-01,119
Food_Beverage,18,2023-10-01,117
Food_Beverage,18,2023-11-01,122
Food_Beverage,18,2023-12-01,108
Food_Beverage,18,2024-01-01,141
Food_Beverage,18,2024-02-01,141
Food_Beverage,18,2024-03-01,165
Food_Beverage,18,2024-04-01,188
Food_Beverage,18,2024-05-01,180
Food_Beverage,18,2024-06-01,168
Food_Beverage,18,2024-07-01,168
Food_Beverage,18,2024-08-01,155
Food_Beverage,18,2024-09-01,165
Food_Beverage,18,2024-10-01,170
Food_Beverage,18,2024-11-01,190
Food_Beverage,18,2024-12-01,149
Food_Beverage,18,2025-01-01,196
Food_Beverage,18,2025-02-01,169
Food_Beverage,18,2025-03-01,207
Food_Beverage,18,2025-04-01,211
Food_Beverage,18,2025-05-01,245
Food_Beverage,70,2023-06-01,13
Food_Beverage,70,2023-07-01,14
Food_Beverage,70,2023-08-01,7
Food_Beverage,70,2023-09-01,8
Food_Beverage,70,2023-10-01,4
Food_Beverage,70,2023-11-01,13
Food_Beverage,70,2023-12-01,8
Food_Beverage,70,2024-01-01,7
Food_Beverage,70,2024-02-01,8
Food_Beverage,70,2024-03-01,11
Food_Beverage,70,2024-04-01,9
Food_Beverage,70,2024-05-01,18
Food_Beverage,70,2024-06-01,13
Food_Beverage,70,2024-07-01,20
Food_Beverage,70,2024-08-01,8
Food_Beverage,70,2024-09-01,14
Food_Beverage,70,2024-10-01,13
Food_Beverage,70,2024-11-01,17
Food_Beverage,70,2024-12-01,11
Food_Beverage,70,2025-01-01,11
Food_Beverage,70,2025-02-01,17
Food_Beverage,70,2025-03-01,25
Food_Beverage,70,2025-04-01,9
Food_Beverage,70,2025-05-01,14
Food_Beverage,97,2023-06-01,365
Food_Beverage,97,2023-07-01,286
Food_Beverage,97,2023-08-01,274
Food_Beverage,97,2023-09-01,293
Food_Beverage,97,2023-10-01,281
Food_Beverage,97,2023-11-01,291
Food_Beverage,97,2023-12-01,233
Food_Beverage,97,2024-01-01,289
Food_Beverage,97,2024-02-01,317
Food_Beverage,97,2024-03-01,354
Food_Beverage,97,2024-04-01,448
Food_Beverage,97,2024-05-01,443
Food_Beverage,97,2024-06-01,451
Food_Beverage,97,2024-07-01,393
Food_Beverage,97,2024-08-01,284
Food_Beverage,97,2024-09-01,303
Food_Beverage,97,2024-10-01,297
Food_Beverage,97,2024-11-01,326
Food_Beverage,97,2024-12-01,269
Food_Beverage,97,2025-01-01,303
Food_Beverage,97,2025-02-01,315
Food_Beverage,97,2025-03-01,398
Food_Beverage,97,2025-04-01,417
Food_Beverage,97,2025-05-01,428
Generic,01,2023-06-01,532
Generic,01,2023-07-01,512
Generic,01,2023-08-01,508
Generic,01,2023-09-01,577
Generic,01,2023-10-01,538
Generic,01,2023-11-01,618
Generic,01,2023-12-01,508
Generic,01,2024-01-01,597
Generic,01,2024-02-01,564
Generic,01,2024-03-01,599
Generic,01,2024-04-01,558
Generic,01,2024-05-01,555
Generic,01,2024-06-01,637
Generic,01,2024-07-01,677
Generic,01,2024-08-01,522
Generic,01,2024-09-01,574
Generic,01,2024-10-01,618
Generic,01,2024-11-01,565
Generic,01,2024-12-01,588
Generic,01,2025-01-01,649
Generic,01,2025-02-01,531
Generic,01,2025-03-01,641
Generic,01,2025-04-01,597
Generic,01,2025-05-01,553
Generic,02,2023-06-01,1040
Generic,02,2023-07-01,1042
Generic,02,2023-08-01,1122
Generic,02,2023-09-01,1295
Generic,02,2023-10-01,1276
Generic,02,2023-11-01,1355
Generic,02,2023-12-01,1129
Generic,02,2024-01-01,1358
Generic,02,2024-02-01,1257
Generic,02,2024-03-01,1312
Generic,02,2024-04-01,1262
Generic,02,2024-05-01,1191
Generic,02,2024-06-01,1230
Generic,02,2024-07-01,1403
Generic,02,2024-08-01,1234
Generic,02,2024-09-01,1409
Generic,02,2024-10-01,1424
Generic,02,2024-11-01,1256
Generic,02,2024-12-01,1317
Generic,02,2025-01-01,1544
Generic,02,2025-02-01,1315
Generic,02,2025-03-01,1508
Generic,02,2025-04-01,1329
Generic,02,2025-05-01,1196
Generic,03,2023-06-01,1120
Generic,03,2023-07-01,1047
Generic,03,2023-08-01,1227
Generic,03,2023-09-01,1421
Generic,03,2023-10-01,1266
Generic,03,2023-11-01,1224
Generic,03,2023-12-01,1095
Generic,03,2024-01-01,1384
Generic,03,2024-02-01,1282
Generic,03,2024-03-01,1312
Generic,03,2024-04-01,1174
Generic,03,2024-05-01,1051
Generic,03,2024-06-01,1173
Generic,03,2024-07-01,1367
Generic,03,2024-08-01,1313
Generic,03,2024-09-01,1384
Generic,03,2024-10-01,1291
Generic,03,2024-11-01,1154
Generic,03,2024-12-01,1180
Generic,03,2025-01-01,1539
Generic,03,2025-02-01,1227
Generic,03,2025-03-01,1392
Generic,03,2025-04-01,1104
Generic,03,2025-05-01,1050
Generic,04,2023-06-01,723
Generic,04,2023-07-01,771
Generic,04,2023-08-01,749
Generic,04,2023-09-01,820
Generic,04,2023-10-01,893
Generic,04,2023-11-01,942
Generic,04,2023-12-01,794
Generic,04,2024-01-01,952
Generic,04,2024-02-01,923
Generic,04,2024-03-01,923
Generic,04,2024-04-01,946
Generic,04,2024-05-01,868
Generic,04,2024-06-01,1002
Generic,04,2024-07-01,1041
Generic,04,2024-08-01,861
Generic,04,2024-09-01,1059
Generic,04,2024-10-01,1099
Generic,04,2024-11-01,952
Generic,04,2024-12-01,952
Generic,04,2025-01-01,1177
Generic,04,2025-02-01,1052
Generic,04,2025-03-01,1131
Generic,04,2025-04-01,1001
Generic,04,2025-05-01,1053
Generic,05,2023-06-01,313
Generic,05,2023-07-01,366
Generic,05,2023-08-01,312
Generic,05,2023-09-01,285
Generic,05,2023-10-01,310
Generic,05,2023-11-01,336
Generic,05,2023-12-01,305
Generic,05,2024-01-01,316
Generic,05,2024-02-01,333
Generic,05,2024-03-01,319
Generic,05,2024-04-01,398
Generic,05,2024-05-01,406
Generic,05,2024-06-01,424
Generic,05,2024-07-01,481
Generic,05,2024-08-01,394
Generic,05,2024-09-01,363
Generic,05,2024-10-01,379
Generic,05,2024-11-01,387
Generic,05,2024-12-01,371
Generic,05,2025-01-01,388
Generic,05,2025-02-01,335
Generic,05,2025-03-01,433
Generic,05,2025-04-01,427
Generic,05,2025-05-01,464
Generic,06,2023-06-01,632
Generic,06,2023-07-01,675
Generic,06,2023-08-01,629
Generic,06,2023-09-01,755
Generic,06,2023-10-01,803
Generic,06,2023-11-01,772
Generic,06,2023-12-01,669
Generic,06,2024-01-01,793
Generic,06,2024-02-01,796
Generic,06,2024-03-01,930
Generic,06,2024-04-01,864
Generic,06,2024-05-01,920
Generic,06,2024-06-01,941
Generic,06,2024-07-01,1031
Generic,06,2024-08-01,801
Generic,06,2024-09-01,875
Generic,06,2024-10-01,919
Generic,06,2024-11-01,911
Generic,06,2024-12-01,870
Generic,06,2025-01-01,1076
Generic,06,2025-02-01,924
Generic,06,2025-03-01,1067
Generic,06,2025-04-01,944
Generic,06,2025-05-01,983
Generic,07,2023-06-01,1189
Generic,07,2023-07-01,1324
Generic,07,2023-08-01,1077
Generic,07,2023-09-01,1033
Generic,07,2023-10-01,1133
Generic,07,2023-11-01,1162
Generic,07,2023-12-01,963
Generic,07,2024-01-01,1155
Generic,07,2024-02-01,1152
Generic,07,2024-03-01,1246
Generic,07,2024-04-01,1181
Generic,07,2024-05-01,1233
Generic,07,2024-06-01,1275
Generic,07,2024-07-01,1418
Generic,07,2024-08-01,1066
Generic,07,2024-09-01,1245
Generic,07,2024-10-01,1378
Generic,07,2024-11-01,1280
Generic,07,2024-12-01,1358
Generic,07,2025-01-01,1533
Generic,07,2025-02-01,1355
Generic,07,2025-03-01,1603
Generic,07,2025-04-01,1410
Generic,07,2025-05-01,1456
Generic,08,2023-06-01,678
Generic,08,2023-07-01,666
Generic,08,2023-08-01,608
Generic,08,2023-09-01,783
Generic,08,2023-10-01,771
Generic,08,2023-11-01,777
Generic,08,2023-12-01,676
Generic,08,2024-01-01,786
Generic,08,2024-02-01,779
Generic,08,2024-03-01,744
Generic,08,2024-04-01,727
Generic,08,2024-05-01,688
Generic,08,2024-06-01,753
Generic,08,2024-07-01,716
Generic,08,2024-08-01,610
Generic,08,2024-09-01,685
Generic,08,2024-10-01,717
Generic,08,2024-11-01,668
Generic,08,2024-12-01,664
Generic,08,2025-01-01,746
Generic,08,2025-02-01,653
Generic,08,2025-03-01,762
Generic,08,2025-04-01,651
Generic,08,2025-05-01,671
Generic,09,2023-06-01,387
Generic,09,2023-07-01,453
Generic,09,2023-08-01,402
Generic,09,2023-09-01,504
Generic,09,2023-10-01,497
Generic,09,2023-11-01,485
Generic,09,2023-12-01,464
Generic,09,2024-01-01,482
Generic,09,2024-02-01,503
Generic,09,2024-03-01,533
Generic,09,2024-04-01,516
Generic,09,2024-05-01,507
Generic,09,2024-06-01,556
Generic,09,2024-07-01,701
Generic,09,2024-08-01,644
Generic,09,2024-09-01,599
Generic,09,2024-10-01,597
Generic,09,2024-11-01,566
Generic,09,2024-12-01,590
Generic,09,2025-01-01,635
Generic,09,2025-02-01,566
Generic,09,2025-03-01,647
Generic,09,2025-04-01,602
Generic,09,2025-05-01,603
Generic,10,2023-06-01,594
Generic,10,2023-07-01,622
Generic,10,2023-08-01,642
Generic,10,2023-09-01,693
Generic,10,2023-10-01,817
Generic,10,2023-11-01,872
Generic,10,2023-12-01,773
Generic,10,2024-01-01,893
Generic,10,2024-02-01,824
Generic,10,2024-03-01,868
Generic,10,2024-04-01,797
Generic,10,2024-05-01,792
Generic,10,2024-06-01,884
Generic,10,2024-07-01,931
Generic,10,2024-08-01,810
Generic,10,2024-09-01,922
Generic,10,2024-10-01,1058
Generic,10,2024-11-01,1085
Generic,10,2024-12-01,1024
Generic,10,2025-01-01,1125
Generic,10,2025-02-01,931
Generic,10,2025-03-01,1091
Generic,10,2025-04-01,956
Generic,10,2025-05-01,965
Generic,11,2023-06-01,618
Generic,11,2023-07-01,655
Generic,11,2023-08-01,568
Generic,11,2023-09-01,535
Generic,11,2023-10-01,587
Generic,11,2023-11-01,569
Generic,11,2023-12-01,526
Generic,11,2024-01-01,606
Generic,11,2024-02-01,615
Generic,11,2024-03-01,664
Generic,11,2024-04-01,739
Generic,11,2024-05-01,776
Generic,11,2024-06-01,792
Generic,11,2024-07-01,934
Generic,11,2024-08-01,786
Generic,11,2024-09-01,695
Generic,11,2024-10-01,722
Generic,11,2024-11-01,754
Generic,11,2024-12-01,713
Generic,11,2025-01-01,792
Generic,11,2025-02-01,710
Generic,11,2025-03-01,842
Generic,11,2025-04-01,829
Generic,11,2025-05-01,923
Generic,12,2023-06-01,315
Generic,12,2023-07-01,336
Generic,12,2023-08-01,307
Generic,12,2023-09-01,347
Generic,12,2023-10-01,339
Generic,12,2023-11-01,364
Generic,12,2023-12-01,323
Generic,12,2024-01-01,377
Generic,12,2024-02-01,341
Generic,12,2024-03-01,430
Generic,12,2024-04-01,430
Generic,12,2024-05-01,459
Generic,12,2024-06-01,437
Generic,12,2024-07-01,469
Generic,12,2024-08-01,389
Generic,12,2024-09-01,396
Generic,12,2024-10-01,430
Generic,12,2024-11-01,421
Generic,12,2024-12-01,414
Generic,12,2025-01-01,476
Generic,12,2025-02-01,412
Generic,12,2025-03-01,527
Generic,12,2025-04-01,449
Generic,12,2025-05-01,499
Generic,13,2023-06-01,251
Generic,13,2023-07-01,266
Generic,13,2023-08-01,246
Generic,13,2023-09-01,267
Generic,13,2023-10-01,252
Generic,13,2023-11-01,318
Generic,13,2023-12-01,287
Generic,13,2024-01-01,344
Generic,13,2024-02-01,298
Generic,13,2024-03-01,297
Generic,13,2024-04-01,281
Generic,13,2024-05-01,293
Generic,13,2024-06-01,301
Generic,13,2024-07-01,286
Generic,13,2024-08-01,287
Generic,13,2024-09-01,315
Generic,13,2024-10-01,325
Generic,13,2024-11-01,293
Generic,13,2024-12-01,331
Generic,13,2025-01-01,372
Generic,13,2025-02-01,293
Generic,13,2025-03-01,329
Generic,13,2025-04-01,318
Generic,13,2025-05-01,340
Generic,14,2023-06-01,693
Generic,14,2023-07-01,732
Generic,14,2023-08-01,666
Generic,14,2023-09-01,756
Generic,14,2023-10-01,750
Generic,14,2023-11-01,803
Generic,14,2023-12-01,699
Generic,14,2024-01-01,838
Generic,14,2024-02-01,819
Generic,14,2024-03-01,886
Generic,14,2024-04-01,905
Generic,14,2024-05-01,917
Generic,14,2024-06-01,941
Generic,14,2024-07-01,1012
Generic,14,2024-08-01,893
Generic,14,2024-09-01,917
Generic,14,2024-10-01,922
Generic,14,2024-11-01,888
Generic,14,2024-12-01,934
Generic,14,2025-01-01,1046
Generic,14,2025-02-01,953
Generic,14,2025-03-01,1084
Generic,14,2025-04-01,997
Generic,14,2025-05-01,1072
Generic,15,2023-06-01,850
Generic,15,2023-07-01,818
Generic,15,2023-08-01,741
Generic,15,2023-09-01,840
Generic,15,2023-10-01,846
Generic,15,2023-11-01,915
Generic,15,2023-12-01,782
Generic,15,2024-01-01,946
Generic,15,2024-02-01,912
Generic,15,2024-03-01,989
Generic,15,2024-04-01,1030
Generic,15,2024-05-01,1053
Generic,15,2024-06-01,1118
Generic,15,2024-07-01,1118
Generic,15,2024-08-01,945
Generic,15,2024-09-01,980
Generic,15,2024-10-01,1016
Generic,15,2024-11-01,1004
Generic,15,2024-12-01,994
Generic,15,2025-01-01,1107
Generic,15,2025-02-01,982
Generic,15,2025-03-01,1184
Generic,15,2025-04-01,1119
Generic,15,2025-05-01,1207
Generic,16,2023-06-01,745
Generic,16,2023-07-01,703
Generic,16,2023-08-01,749
Generic,16,2023-09-01,798
Generic,16,2023-10-01,800
Generic,16,2023-11-01,851
Generic,16,2023-12-01,776
Generic,16,2024-01-01,889
Generic,16,2024-02-01,853
Generic,16,2024-03-01,978
Generic,16,2024-04-01,903
Generic,16,2024-05-01,923
Generic,16,2024-06-01,868
Generic,16,2024-07-01,898
Generic,16,2024-08-01,841
Generic,16,2024-09-01,911
Generic,16,2024-10-01,1007
Generic,16,2024-11-01,1094
Generic,16,2024-12-01,1015
Generic,16,2025-01-01,1063
Generic,16,2025-02-01,923
Generic,16,2025-03-01,1086
Generic,16,2025-04-01,994
Generic,16,2025-05-01,1018
Generic,17,2023-06-01,309
Generic,17,2023-07-01,283
Generic,17,2023-08-01,245
Generic,17,2023-09-01,148
Generic,17,2023-10-01,140
Generic,17,2023-11-01,118
Generic,17,2023-12-01,90
Generic,17,2024-01-01,104
Generic,17,2024-02-01,129
Generic,17,2024-03-01,188
Generic,17,2024-04-01,264
Generic,17,2024-05-01,233
Generic,17,2024-06-01,264
Generic,17,2024-07-01,232
Generic,17,2024-08-01,143
Generic,17,2024-09-01,99
Generic,17,2024-10-01,110
Generic,17,2024-11-01,80
Generic,17,2024-12-01,97
Generic,17,2025-01-01,96
Generic,17,2025-02-01,109
Generic,17,2025-03-01,205
Generic,17,2025-04-01,235
Generic,17,2025-05-01,310
Generic,18,2023-06-01,1286
Generic,18,2023-07-01,1365
Generic,18,2023-08-01,1342
Generic,18,2023-09-01,1760
Generic,18,2023-10-01,1861
Generic,18,2023-11-01,1862
Generic,18,2023-12-01,1711
Generic,18,2024-01-01,2011
Generic,18,2024-02-01,1917
Generic,18,2024-03-01,2130
Generic,18,2024-04-01,2013
Generic,18,2024-05-01,1993
Generic,18,2024-06-01,2109
Generic,18,2024-07-01,2274
Generic,18,2024-08-01,1945
Generic,18,2024-09-01,2170
Generic,18,2024-10-01,2216
Generic,18,2024-11-01,2102
Generic,18,2024-12-01,2076
Generic,18,2025-01-01,2536
Generic,18,2025-02-01,2168
Generic,18,2025-03-01,2446
Generic,18,2025-04-01,2209
Generic,18,2025-05-01,2232
Generic,70,2023-06-01,317
Generic,70,2023-07-01,323
Generic,70,2023-08-01,211
Generic,70,2023-09-01,266
Generic,70,2023-10-01,305
Generic,70,2023-11-01,310
Generic,70,2023-12-01,270
Generic,70,2024-01-01,308
Generic,70,2024-02-01,321
Generic,70,2024-03-01,393
Generic,70,2024-04-01,376
Generic,70,2024-05-01,378
Generic,70,2024-06-01,383
Generic,70,2024-07-01,393
Generic,70,2024-08-01,277
Generic,70,2024-09-01,356
Generic,70,2024-10-01,370
Generic,70,2024-11-01,379
Generic,70,2024-12-01,402
Generic,70,2025-01-01,446
Generic,70,2025-02-01,382
Generic,70,2025-03-01,514
Generic,70,2025-04-01,449
Generic,70,2025-05-01,413
Generic,97,2023-06-01,4165
Generic,97,2023-07-01,3825
Generic,97,2023-08-01,3666
Generic,97,2023-09-01,4451
Generic,97,2023-10-01,4408
Generic,97,2023-11-01,4523
Generic,97,2023-12-01,3831
Generic,97,2024-01-01,4617
Generic,97,2024-02-01,4432
Generic,97,2024-03-01,4665
Generic,97,2024-04-01,4755
Generic,97,2024-05-01,4689
Generic,97,2024-06-01,5019
Generic,97,2024-07-01,5177
Generic,97,2024-08-01,3923
Generic,97,2024-09-01,4725
Generic,97,2024-10-01,4815
Generic,97,2024-11-01,4629
Generic,97,2024-12-01,4294
Generic,97,2025-01-01,5066
Generic,97,2025-02-01,4623
Generic,97,2025-03-01,5325
Generic,97,2025-04-01,4765
Generic,97,2025-05-01,4658
Hospitality_Accomodation,01,2023-06-01,77
Hospitality_Accomodation,01,2023-07-01,83
Hospitality_Accomodation,01,2023-08-01,56
Hospitality_Accomodation,01,2023-09-01,59
Hospitality_Accomodation,01,2023-10-01,82
Hospitality_Accomodation,01,2023-11-01,86
Hospitality_Accomodation,01,2023-12-01,81
Hospitality_Accomodation,01,2024-01-01,83
Hospitality_Accomodation,01,2024-02-01,81
Hospitality_Accomodation,01,2024-03-01,118
Hospitality_Accomodation,01,2024-04-01,115
Hospitality_Accomodation,01,2024-05-01,92
Hospitality_Accomodation,01,2024-06-01,100
Hospitality_Accomodation,01,2024-07-01,106
Hospitality_Accomodation,01,2024-08-01,80
Hospitality_Accomodation,01,2024-09-01,57
Hospitality_Accomodation,01,2024-10-01,77
Hospitality_Accomodation,01,2024-11-01,92
Hospitality_Accomodation,01,2024-12-01,75
Hospitality_Accomodation,01,2025-01-01,90
Hospitality_Accomodation,01,2025-02-01,96
Hospitality_Accomodation,01,2025-03-01,88
Hospitality_Accomodation,01,2025-04-01,90
Hospitality_Accomodation,01,2025-05-01,92
Hospitality_Accomodation,02,2023-06-01,63
Hospitality_Accomodation,02,2023-07-01,99
Hospitality_Accomodation,02,2023-08-01,65
Hospitality_Accomodation,02,2023-09-01,60
Hospitality_Accomodation,02,2023-10-01,81
Hospitality_Accomodation,02,2023-11-01,103
Hospitality_Accomodation,02,2023-12-01,81
Hospitality_Accomodation,02,2024-01-01,106
Hospitality_Accomodation,02,2024-02-01,90
Hospitality_Accomodation,02,2024-03-01,108
Hospitality_Accomodation,02,2024-04-01,134
Hospitality_Accomodation,02,2024-05-01,94
Hospitality_Accomodation,02,2024-06-01,112
Hospitality_Accomodation,02,2024-07-01,118
Hospitality_Accomodation,02,2024-08-01,86
Hospitality_Accomodation,02,2024-09-01,93
Hospitality_Accomodation,02,2024-10-01,101
Hospitality_Accomodation,02,2024-11-01,94
Hospitality_Accomodation,02,2024-12-01,100
Hospitality_Accomodation,02,2025-01-01,105
Hospitality_Accomodation,02,2025-02-01,101
Hospitality_Accomodation,02,2025-03-01,114
Hospitality_Accomodation,02,2025-04-01,113
Hospitality_Accomodation,02,2025-05-01,103
Hospitality_Accomodation,03,2023-06-01,43
Hospitality_Accomodation,03,2023-07-01,58
Hospitality_Accomodation,03,2023-08-01,41
Hospitality_Accomodation,03,2023-09-01,56
Hospitality_Accomodation,03,2023-10-01,55
Hospitality_Accomodation,03,2023-11-01,68
Hospitality_Accomodation,03,2023-12-01,48
Hospitality_Accomodation,03,2024-01-01,57
Hospitality_Accomodation,03,2024-02-01,58
Hospitality_Accomodation,03,2024-03-01,53
Hospitality_Accomodation,03,2024-04-01,66
Hospitality_Accomodation,03,2024-05-01,57
Hospitality_Accomodation,03,2024-06-01,64
Hospitality_Accomodation,03,2024-07-01,83
Hospitality_Accomodation,03,2024-08-01,50
Hospitality_Accomodation,03,2024-09-01,53
Hospitality_Accomodation,03,2024-10-01,60
Hospitality_Accomodation,03,2024-11-01,50
Hospitality_Accomodation,03,2024-12-01,56
Hospitality_Accomodation,03,2025-01-01,74
Hospitality_Accomodation,03,2025-02-01,49
Hospitality_Accomodation,03,2025-03-01,60
Hospitality_Accomodation,03,2025-04-01,59
Hospitality_Accomodation,03,2025-05-01,56
Hospitality_Accomodation,04,2023-06-01,102
Hospitality_Accomodation,04,2023-07-01,100
Hospitality_Accomodation,04,2023-08-01,82
Hospitality_Accomodation,04,2023-09-01,79
Hospitality_Accomodation,04,2023-10-01,86
Hospitality_Accomodation,04,2023-11-01,114
Hospitality_Accomodation,04,2023-12-01,95
Hospitality_Accomodation,04,2024-01-01,115
Hospitality_Accomodation,04,2024-02-01,106
Hospitality_Accomodation,04,2024-03-01,137
Hospitality_Accomodation,04,2024-04-01,134
Hospitality_Accomodation,04,2024-05-01,116
Hospitality_Accomodation,04,2024-06-01,123
Hospitality_Accomodation,04,2024-07-01,133
Hospitality_Accomodation,04,2024-08-01,103
Hospitality_Accomodation,04,2024-09-01,110
Hospitality_Accomodation,04,2024-10-01,128
Hospitality_Accomodation,04,2024-11-01,110
Hospitality_Accomodation,04,2024-12-01,124
Hospitality_Accomodation,04,2025-01-01,141
Hospitality_Accomodation,04,2025-02-01,102
Hospitality_Accomodation,04,2025-03-01,156
Hospitality_Accomodation,04,2025-04-01,126
Hospitality_Accomodation,04,2025-05-01,128
Hospitality_Accomodation,05,2023-06-01,81
Hospitality_Accomodation,05,2023-07-01,82
Hospitality_Accomodation,05,2023-08-01,56
Hospitality_Accomodation,05,2023-09-01,44
Hospitality_Accomodation,05,2023-10-01,63
Hospitality_Accomodation,05,2023-11-01,78
Hospitality_Accomodation,05,2023-12-01,62
Hospitality_Accomodation,05,2024-01-01,78
Hospitality_Accomodation,05,2024-02-01,80
Hospitality_Accomodation,05,2024-03-01,86
Hospitality_Accomodation,05,2024-04-01,98
Hospitality_Accomodation,05,2024-05-01,92
Hospitality_Accomodation,05,2024-06-01,80
Hospitality_Accomodation,05,2024-07-01,113
Hospitality_Accomodation,05,2024-08-01,68
Hospitality_Accomodation,05,2024-09-01,55
Hospitality_Accomodation,05,2024-10-01,62
Hospitality_Accomodation,05,2024-11-01,96
Hospitality_Accomodation,05,2024-12-01,97
Hospitality_Accomodation,05,2025-01-01,82
Hospitality_Accomodation,05,2025-02-01,62
Hospitality_Accomodation,05,2025-03-01,108
Hospitality_Accomodation,05,2025-04-01,97
Hospitality_Accomodation,05,2025-05-01,133
Hospitality_Accomodation,06,2023-06-01,118
Hospitality_Accomodation,06,2023-07-01,146
Hospitality_Accomodation,06,2023-08-01,104
Hospitality_Accomodation,06,2023-09-01,77
Hospitality_Accomodation,06,2023-10-01,95
Hospitality_Accomodation,06,2023-11-01,118
Hospitality_Accomodation,06,2023-12-01,107
Hospitality_Accomodation,06,2024-01-01,140
Hospitality_Accomodation,06,2024-02-01,133
Hospitality_Accomodation,06,2024-03-01,174
Hospitality_Accomodation,06,2024-04-01,145
Hospitality_Accomodation,06,2024-05-01,150
Hospitality_Accomodation,06,2024-06-01,188
Hospitality_Accomodation,06,2024-07-01,150
Hospitality_Accomodation,06,2024-08-01,123
Hospitality_Accomodation,06,2024-09-01,88
Hospitality_Accomodation,06,2024-10-01,116
Hospitality_Accomodation,06,2024-11-01,132
Hospitality_Accomodation,06,2024-12-01,130
Hospitality_Accomodation,06,2025-01-01,158
Hospitality_Accomodation,06,2025-02-01,133
Hospitality_Accomodation,06,2025-03-01,175
Hospitality_Accomodation,06,2025-04-01,178
Hospitality_Accomodation,06,2025-05-01,154
Hospitality_Accomodation,07,2023-06-01,133
Hospitality_Accomodation,07,2023-07-01,129
Hospitality_Accomodation,07,2023-08-01,120
Hospitality_Accomodation,07,2023-09-01,84
Hospitality_Accomodation,07,2023-10-01,90
Hospitality_Accomodation,07,2023-11-01,118
Hospitality_Accomodation,07,2023-12-01,105
Hospitality_Accomodation,07,2024-01-01,133
Hospitality_Accomodation,07,2024-02-01,134
Hospitality_Accomodation,07,2024-03-01,149
Hospitality_Accomodation,07,2024-04-01,149
Hospitality_Accomodation,07,2024-05-01,117
Hospitality_Accomodation,07,2024-06-01,147
Hospitality_Accomodation,07,2024-07-01,167
Hospitality_Accomodation,07,2024-08-01,84
Hospitality_Accomodation,07,2024-09-01,98
Hospitality_Accomodation,07,2024-10-01,122
Hospitality_Accomodation,07,2024-11-01,126
Hospitality_Accomodation,07,2024-12-01,116
Hospitality_Accomodation,07,2025-01-01,174
Hospitality_Accomodation,07,2025-02-01,141
Hospitality_Accomodation,07,2025-03-01,175
Hospitality_Accomodation,07,2025-04-01,156
Hospitality_Accomodation,07,2025-05-01,159
Hospitality_Accomodation,08,2023-06-01,85
Hospitality_Accomodation,08,2023-07-01,69
Hospitality_Accomodation,08,2023-08-01,57
Hospitality_Accomodation,08,2023-09-01,56
Hospitality_Accomodation,08,2023-10-01,72
Hospitality_Accomodation,08,2023-11-01,70
Hospitality_Accomodation,08,2023-12-01,65
Hospitality_Accomodation,08,2024-01-01,80
Hospitality_Accomodation,08,2024-02-01,73
Hospitality_Accomodation,08,2024-03-01,89
Hospitality_Accomodation,08,2024-04-01,91
Hospitality_Accomodation,08,2024-05-01,85
Hospitality_Accomodation,08,2024-06-01,88
Hospitality_Accomodation,08,2024-07-01,89
Hospitality_Accomodation,08,2024-08-01,55
Hospitality_Accomodation,08,2024-09-01,47
Hospitality_Accomodation,08,2024-10-01,65
Hospitality_Accomodation,08,2024-11-01,62
Hospitality_Accomodation,08,2024-12-01,70
Hospitality_Accomodation,08,2025-01-01,83
Hospitality_Accomodation,08,2025-02-01,81
Hospitality_Accomodation,08,2025-03-01,95
Hospitality_Accomodation,08,2025-04-01,80
Hospitality_Accomodation,08,2025-05-01,83
Hospitality_Accomodation,09,2023-06-01,69
Hospitality_Accomodation,09,2023-07-01,58
Hospitality_Accomodation,09,2023-08-01,42
Hospitality_Accomodation,09,2023-09-01,31
Hospitality_Accomodation,09,2023-10-01,45
Hospitality_Accomodation,09,2023-11-01,47
Hospitality_Accomodation,09,2023-12-01,50
Hospitality_Accomodation,09,2024-01-01,59
Hospitality_Accomodation,09,2024-02-01,79
Hospitality_Accomodation,09,2024-03-01,77
Hospitality_Accomodation,09,2024-04-01,102
Hospitality_Accomodation,09,2024-05-01,81
Hospitality_Accomodation,09,2024-06-01,95
Hospitality_Accomodation,09,2024-07-01,84
Hospitality_Accomodation,09,2024-08-01,76
Hospitality_Accomodation,09,2024-09-01,49
Hospitality_Accomodation,09,2024-10-01,46
Hospitality_Accomodation,09,2024-11-01,49
Hospitality_Accomodation,09,2024-12-01,57
Hospitality_Accomodation,09,2025-01-01,80
Hospitality_Accomodation,09,2025-02-01,78
Hospitality_Accomodation,09,2025-03-01,106
Hospitality_Accomodation,09,2025-04-01,94
Hospitality_Accomodation,09,2025-05-01,106
Hospitality_Accomodation,10,2023-06-01,112
Hospitality_Accomodation,10,2023-07-01,117
Hospitality_Accomodation,10,2023-08-01,71
Hospitality_Accomodation,10,2023-09-01,70
Hospitality_Accomodation,10,2023-10-01,115
Hospitality_Accomodation,10,2023-11-01,116
Hospitality_Accomodation,10,2023-12-01,117
Hospitality_Accomodation,10,2024-01-01,124
Hospitality_Accomodation,10,2024-02-01,124
Hospitality_Accomodation,10,2024-03-01,166
Hospitality_Accomodation,10,2024-04-01,171
Hospitality_Accomodation,10,2024-05-01,156
Hospitality_Accomodation,10,2024-06-01,136
Hospitality_Accomodation,10,2024-07-01,147
Hospitality_Accomodation,10,2024-08-01,117
Hospitality_Accomodation,10,2024-09-01,113
Hospitality_Accomodation,10,2024-10-01,121
Hospitality_Accomodation,10,2024-11-01,144
Hospitality_Accomodation,10,2024-12-01,158
Hospitality_Accomodation,10,2025-01-01,161
Hospitality_Accomodation,10,2025-02-01,140
Hospitality_Accomodation,10,2025-03-01,158
Hospitality_Accomodation,10,2025-04-01,143
Hospitality_Accomodation,10,2025-05-01,145
Hospitality_Accomodation,11,2023-06-01,177
Hospitality_Accomodation,11,2023-07-01,189
Hospitality_Accomodation,11,2023-08-01,150
Hospitality_Accomodation,11,2023-09-01,106
Hospitality_Accomodation,11,2023-10-01,144
Hospitality_Accomodation,11,2023-11-01,157
Hospitality_Accomodation,11,2023-12-01,144
Hospitality_Accomodation,11,2024-01-01,169
Hospitality_Accomodation,11,2024-02-01,190
Hospitality_Accomodation,11,2024-03-01,202
Hospitality_Accomodation,11,2024-04-01,232
Hospitality_Accomodation,11,2024-05-01,240
Hospitality_Accomodation,11,2024-06-01,236
Hospitality_Accomodation,11,2024-07-01,253
Hospitality_Accomodation,11,2024-08-01,180
Hospitality_Accomodation,11,2024-09-01,139
Hospitality_Accomodation,11,2024-10-01,175
Hospitality_Accomodation,11,2024-11-01,192
Hospitality_Accomodation,11,2024-12-01,207
Hospitality_Accomodation,11,2025-01-01,213
Hospitality_Accomodation,11,2025-02-01,189
Hospitality_Accomodation,11,2025-03-01,239
Hospitality_Accomodation,11,2025-04-01,281
Hospitality_Accomodation,11,2025-05-01,276
Hospitality_Accomodation,12,2023-06-01,77
Hospitality_Accomodation,12,2023-07-01,65
Hospitality_Accomodation,12,2023-08-01,51
Hospitality_Accomodation,12,2023-09-01,44
Hospitality_Accomodation,12,2023-10-01,63
Hospitality_Accomodation,12,2023-11-01,68
Hospitality_Accomodation,12,2023-12-01,65
Hospitality_Accomodation,12,2024-01-01,70
Hospitality_Accomodation,12,2024-02-01,80
Hospitality_Accomodation,12,2024-03-01,103
Hospitality_Accomodation,12,2024-04-01,109
Hospitality_Accomodation,12,2024-05-01,111
Hospitality_Accomodation,12,2024-06-01,115
Hospitality_Accomodation,12,2024-07-01,92
Hospitality_Accomodation,12,2024-08-01,69
Hospitality_Accomodation,12,2024-09-01,49
Hospitality_Accomodation,12,2024-10-01,72
Hospitality_Accomodation,12,2024-11-01,94
Hospitality_Accomodation,12,2024-12-01,92
Hospitality_Accomodation,12,2025-01-01,104
Hospitality_Accomodation,12,2025-02-01,87
Hospitality_Accomodation,12,2025-03-01,109
Hospitality_Accomodation,12,2025-04-01,123
Hospitality_Accomodation,12,2025-05-01,115
Hospitality_Accomodation,13,2023-06-01,45
Hospitality_Accomodation,13,2023-07-01,56
Hospitality_Accomodation,13,2023-08-01,31
Hospitality_Accomodation,13,2023-09-01,36
Hospitality_Accomodation,13,2023-10-01,32
Hospitality_Accomodation,13,2023-11-01,71
Hospitality_Accomodation,13,2023-12-01,57
Hospitality_Accomodation,13,2024-01-01,56
Hospitality_Accomodation,13,2024-02-01,61
Hospitality_Accomodation,13,2024-03-01,75
Hospitality_Accomodation,13,2024-04-01,65
Hospitality_Accomodation,13,2024-05-01,59
Hospitality_Accomodation,13,2024-06-01,54
Hospitality_Accomodation,13,2024-07-01,55
Hospitality_Accomodation,13,2024-08-01,41
Hospitality_Accomodation,13,2024-09-01,32
Hospitality_Accomodation,13,2024-10-01,48
Hospitality_Accomodation,13,2024-11-01,63
Hospitality_Accomodation,13,2024-12-01,63
Hospitality_Accomodation,13,2025-01-01,68
Hospitality_Accomodation,13,2025-02-01,57
Hospitality_Accomodation,13,2025-03-01,82
Hospitality_Accomodation,13,2025-04-01,69
Hospitality_Accomodation,13,2025-05-01,78
Hospitality_Accomodation,14,2023-06-01,164
Hospitality_Accomodation,14,2023-07-01,162
Hospitality_Accomodation,14,2023-08-01,125
Hospitality_Accomodation,14,2023-09-01,102
Hospitality_Accomodation,14,2023-10-01,128
Hospitality_Accomodation,14,2023-11-01,153
Hospitality_Accomodation,14,2023-12-01,140
Hospitality_Accomodation,14,2024-01-01,175
Hospitality_Accomodation,14,2024-02-01,193
Hospitality_Accomodation,14,2024-03-01,214
Hospitality_Accomodation,14,2024-04-01,236
Hospitality_Accomodation,14,2024-05-01,219
Hospitality_Accomodation,14,2024-06-01,192
Hospitality_Accomodation,14,2024-07-01,222
Hospitality_Accomodation,14,2024-08-01,171
Hospitality_Accomodation,14,2024-09-01,128
Hospitality_Accomodation,14,2024-10-01,160
Hospitality_Accomodation,14,2024-11-01,183
Hospitality_Accomodation,14,2024-12-01,189
Hospitality_Accomodation,14,2025-01-01,227
Hospitality_Accomodation,14,2025-02-01,208
Hospitality_Accomodation,14,2025-03-01,251
Hospitality_Accomodation,14,2025-04-01,243
Hospitality_Accomodation,14,2025-05-01,260
Hospitality_Accomodation,15,2023-06-01,173
Hospitality_Accomodation,15,2023-07-01,184
Hospitality_Accomodation,15,2023-08-01,137
Hospitality_Accomodation,15,2023-09-01,111
Hospitality_Accomodation,15,2023-10-01,141
Hospitality_Accomodation,15,2023-11-01,173
Hospitality_Accomodation,15,2023-12-01,159
Hospitality_Accomodation,15,2024-01-01,174
Hospitality_Accomodation,15,2024-02-01,191
Hospitality_Accomodation,15,2024-03-01,219
Hospitality_Accomodation,15,2024-04-01,255
Hospitality_Accomodation,15,2024-05-01,228
Hospitality_Accomodation,15,2024-06-01,224
Hospitality_Accomodation,15,2024-07-01,244
Hospitality_Accomodation,15,2024-08-01,181
Hospitality_Accomodation,15,2024-09-01,151
Hospitality_Accomodation,15,2024-10-01,166
Hospitality_Accomodation,15,2024-11-01,186
Hospitality_Accomodation,15,2024-12-01,202
Hospitality_Accomodation,15,2025-01-01,225
Hospitality_Accomodation,15,2025-02-01,200
Hospitality_Accomodation,15,2025-03-01,277
Hospitality_Accomodation,15,2025-04-01,271
Hospitality_Accomodation,15,2025-05-01,278
Hospitality_Accomodation,16,2023-06-01,119
Hospitality_Accomodation,16,2023-07-01,117
Hospitality_Accomodation,16,2023-08-01,76
Hospitality_Accomodation,16,2023-09-01,90
Hospitality_Accomodation,16,2023-10-01,92
Hospitality_Accomodation,16,2023-11-01,112
Hospitality_Accomodation,16,2023-12-01,116
Hospitality_Accomodation,16,2024-01-01,133
Hospitality_Accomodation,16,2024-02-01,130
Hospitality_Accomodation,16,2024-03-01,156
Hospitality_Accomodation,16,2024-04-01,169
Hospitality_Accomodation,16,2024-05-01,155
Hospitality_Accomodation,16,2024-06-01,150
Hospitality_Accomodation,16,2024-07-01,138
Hospitality_Accomodation,16,2024-08-01,105
Hospitality_Accomodation,16,2024-09-01,81
Hospitality_Accomodation,16,2024-10-01,115
Hospitality_Accomodation,16,2024-11-01,149
Hospitality_Accomodation,16,2024-12-01,145
Hospitality_Accomodation,16,2025-01-01,143
Hospitality_Accomodation,16,2025-02-01,144
Hospitality_Accomodation,16,2025-03-01,164
Hospitality_Accomodation,16,2025-04-01,150
Hospitality_Accomodation,16,2025-05-01,160
Hospitality_Accomodation,17,2023-06-01,58
Hospitality_Accomodation,17,2023-07-01,53
Hospitality_Accomodation,17,2023-08-01,34
Hospitality_Accomodation,17,2023-09-01,18
Hospitality_Accomodation,17,2023-10-01,22
Hospitality_Accomodation,17,2023-11-01,18
Hospitality_Accomodation,17,2023-12-01,16
Hospitality_Accomodation,17,2024-01-01,14
Hospitality_Accomodation,17,2024-02-01,25
Hospitality_Accomodation,17,2024-03-01,52
Hospitality_Accomodation,17,2024-04-01,65
Hospitality_Accomodation,17,2024-05-01,52
Hospitality_Accomodation,17,2024-06-01,45
Hospitality_Accomodation,17,2024-07-01,39
Hospitality_Accomodation,17,2024-08-01,27
Hospitality_Accomodation,17,2024-09-01,11
Hospitality_Accomodation,17,2024-10-01,10
Hospitality_Accomodation,17,2024-11-01,15
Hospitality_Accomodation,17,2024-12-01,10
Hospitality_Accomodation,17,2025-01-01,27
Hospitality_Accomodation,17,2025-02-01,32
Hospitality_Accomodation,17,2025-03-01,44
Hospitality_Accomodation,17,2025-04-01,60
Hospitality_Accomodation,17,2025-05-01,56
Hospitality_Accomodation,18,2023-06-01,158
Hospitality_Accomodation,18,2023-07-01,173
Hospitality_Accomodation,18,2023-08-01,139
Hospitality_Accomodation,18,2023-09-01,147
Hospitality_Accomodation,18,2023-10-01,181
Hospitality_Accomodation,18,2023-11-01,231
Hospitality_Accomodation,18,2023-12-01,210
Hospitality_Accomodation,18,2024-01-01,251
Hospitality_Accomodation,18,2024-02-01,265
Hospitality_Accomodation,18,2024-03-01,318
Hospitality_Accomodation,18,2024-04-01,319
Hospitality_Accomodation,18,2024-05-01,288
Hospitality_Accomodation,18,2024-06-01,306
Hospitality_Accomodation,18,2024-07-01,299
Hospitality_Accomodation,18,2024-08-01,212
Hospitality_Accomodation,18,2024-09-01,199
Hospitality_Accomodation,18,2024-10-01,247
Hospitality_Accomodation,18,2024-11-01,259
Hospitality_Accomodation,18,2024-12-01,254
Hospitality_Accomodation,18,2025-01-01,298
Hospitality_Accomodation,18,2025-02-01,284
Hospitality_Accomodation,18,2025-03-01,349
Hospitality_Accomodation,18,2025-04-01,331
Hospitality_Accomodation,18,2025-05-01,341
Hospitality_Accomodation,70,2023-06-01,32
Hospitality_Accomodation,70,2023-07-01,29
Hospitality_Accomodation,70,2023-08-01,19
Hospitality_Accomodation,70,2023-09-01,25
Hospitality_Accomodation,70,2023-10-01,23
Hospitality_Accomodation,70,2023-11-01,39
Hospitality_Accomodation,70,2023-12-01,27
Hospitality_Accomodation,70,2024-01-01,35
Hospitality_Accomodation,70,2024-02-01,43
Hospitality_Accomodation,70,2024-03-01,44
Hospitality_Accomodation,70,2024-04-01,49
Hospitality_Accomodation,70,2024-05-01,39
Hospitality_Accomodation,70,2024-06-01,51
Hospitality_Accomodation,70,2024-07-01,46
Hospitality_Accomodation,70,2024-08-01,18
Hospitality_Accomodation,70,2024-09-01,31
Hospitality_Accomodation,70,2024-10-01,45
Hospitality_Accomodation,70,2024-11-01,35
Hospitality_Accomodation,70,2024-12-01,36
Hospitality_Accomodation,70,2025-01-01,42
Hospitality_Accomodation,70,2025-02-01,34
Hospitality_Accomodation,70,2025-03-01,53
Hospitality_Accomodation,70,2025-04-01,48
Hospitality_Accomodation,70,2025-05-01,55
Hospitality_Accomodation,97,2023-06-01,508
Hospitality_Accomodation,97,2023-07-01,437
Hospitality_Accomodation,97,2023-08-01,373
Hospitality_Accomodation,97,2023-09-01,334
Hospitality_Accomodation,97,2023-10-01,358
Hospitality_Accomodation,97,2023-11-01,412
Hospitality_Accomodation,97,2023-12-01,400
Hospitality_Accomodation,97,2024-01-01,463
Hospitality_Accomodation,97,2024-02-01,488
Hospitality_Accomodation,97,2024-03-01,555
Hospitality_Accomodation,97,2024-04-01,611
Hospitality_Accomodation,97,2024-05-01,590
Hospitality_Accomodation,97,2024-06-01,616
Hospitality_Accomodation,97,2024-07-01,644
Hospitality_Accomodation,97,2024-08-01,381
Hospitality_Accomodation,97,2024-09-01,394
Hospitality_Accomodation,97,2024-10-01,389
Hospitality_Accomodation,97,2024-11-01,450
Hospitality_Accomodation,97,2024-12-01,464
Hospitality_Accomodation,97,2025-01-01,537
Hospitality_Accomodation,97,2025-02-01,501
Hospitality_Accomodation,97,2025-03-01,590
Hospitality_Accomodation,97,2025-04-01,642
Hospitality_Accomodation,97,2025-05-01,609
Residential_Construction,01,2023-06-01,82
Residential_Construction,01,2023-07-01,104
Residential_Construction,01,2023-08-01,71
Residential_Construction,01,2023-09-01,80
Residential_Construction,01,2023-10-01,92
Residential_Construction,01,2023-11-01,87
Residential_Construction,01,2023-12-01,73
Residential_Construction,01,2024-01-01,85
Residential_Construction,01,2024-02-01,105
Residential_Construction,01,2024-03-01,92
Residential_Construction,01,2024-04-01,86
Residential_Construction,01,2024-05-01,77
Residential_Construction,01,2024-06-01,112
Residential_Construction,01,2024-07-01,101
Residential_Construction,01,2024-08-01,78
Residential_Construction,01,2024-09-01,99
Residential_Construction,01,2024-10-01,108
Residential_Construction,01,2024-11-01,104
Residential_Construction,01,2024-12-01,94
Residential_Construction,01,2025-01-01,123
Residential_Construction,01,2025-02-01,85
Residential_Construction,01,2025-03-01,113
Residential_Construction,01,2025-04-01,82
Residential_Construction,01,2025-05-01,108
Residential_Construction,02,2023-06-01,135
Residential_Construction,02,2023-07-01,163
Residential_Construction,02,2023-08-01,156
Residential_Construction,02,2023-09-01,178
Residential_Construction,02,2023-10-01,200
Residential_Construction,02,2023-11-01,198
Residential_Construction,02,2023-12-01,190
Residential_Construction,02,2024-01-01,213
Residential_Construction,02,2024-02-01,197
Residential_Construction,02,2024-03-01,201
Residential_Construction,02,2024-04-01,196
Residential_Construction,02,2024-05-01,216
Residential_Construction,02,2024-06-01,203
Residential_Construction,02,2024-07-01,216
Residential_Construction,02,2024-08-01,210
Residential_Construction,02,2024-09-01,217
Residential_Construction,02,2024-10-01,222
Residential_Construction,02,2024-11-01,220
Residential_Construction,02,2024-12-01,210
Residential_Construction,02,2025-01-01,261
Residential_Construction,02,2025-02-01,201
Residential_Construction,02,2025-03-01,244
Residential_Construction,02,2025-04-01,209
Residential_Construction,02,2025-05-01,231
Residential_Construction,03,2023-06-01,118
Residential_Construction,03,2023-07-01,134
Residential_Construction,03,2023-08-01,144
Residential_Construction,03,2023-09-01,163
Residential_Construction,03,2023-10-01,187
Residential_Construction,03,2023-11-01,154
Residential_Construction,03,2023-12-01,145
Residential_Construction,03,2024-01-01,187
Residential_Construction,03,2024-02-01,171
Residential_Construction,03,2024-03-01,142
Residential_Construction,03,2024-04-01,148
Residential_Construction,03,2024-05-01,141
Residential_Construction,03,2024-06-01,147
Residential_Construction,03,2024-07-01,175
Residential_Construction,03,2024-08-01,182
Residential_Construction,03,2024-09-01,182
Residential_Construction,03,2024-10-01,166
Residential_Construction,03,2024-11-01,152
Residential_Construction,03,2024-12-01,151
Residential_Construction,03,2025-01-01,197
Residential_Construction,03,2025-02-01,141
Residential_Construction,03,2025-03-01,180
Residential_Construction,03,2025-04-01,146
Residential_Construction,03,2025-05-01,141
Residential_Construction,04,2023-06-01,250
Residential_Construction,04,2023-07-01,262
Residential_Construction,04,2023-08-01,223
Residential_Construction,04,2023-09-01,252
Residential_Construction,04,2023-10-01,317
Residential_Construction,04,2023-11-01,287
Residential_Construction,04,2023-12-01,272
Residential_Construction,04,2024-01-01,307
Residential_Construction,04,2024-02-01,284
Residential_Construction,04,2024-03-01,336
Residential_Construction,04,2024-04-01,335
Residential_Construction,04,2024-05-01,328
Residential_Construction,04,2024-06-01,388
Residential_Construction,04,2024-07-01,390
Residential_Construction,04,2024-08-01,267
Residential_Construction,04,2024-09-01,393
Residential_Construction,04,2024-10-01,380
Residential_Construction,04,2024-11-01,376
Residential_Construction,04,2024-12-01,362
Residential_Construction,04,2025-01-01,378
Residential_Construction,04,2025-02-01,371
Residential_Construction,04,2025-03-01,431
Residential_Construction,04,2025-04-01,365
Residential_Construction,04,2025-05-01,408
Residential_Construction,05,2023-06-01,91
Residential_Construction,05,2023-07-01,97
Residential_Construction,05,2023-08-01,77
Residential_Construction,05,2023-09-01,92
Residential_Construction,05,2023-10-01,97
Residential_Construction,05,2023-11-01,87
Residential_Construction,05,2023-12-01,72
Residential_Construction,05,2024-01-01,98
Residential_Construction,05,2024-02-01,91
Residential_Construction,05,2024-03-01,107
Residential_Construction,05,2024-04-01,104
Residential_Construction,05,2024-05-01,116
Residential_Construction,05,2024-06-01,119
Residential_Construction,05,2024-07-01,144
Residential_Construction,05,2024-08-01,101
Residential_Construction,05,2024-09-01,135
Residential_Construction,05,2024-10-01,136
Residential_Construction,05,2024-11-01,115
Residential_Construction,05,2024-12-01,117
Residential_Construction,05,2025-01-01,143
Residential_Construction,05,2025-02-01,102
Residential_Construction,05,2025-03-01,142
Residential_Construction,05,2025-04-01,111
Residential_Construction,05,2025-05-01,147
Residential_Construction,06,2023-06-01,195
Residential_Construction,06,2023-07-01,223
Residential_Construction,06,2023-08-01,179
Residential_Construction,06,2023-09-01,297
Residential_Construction,06,2023-10-01,359
Residential_Construction,06,2023-11-01,325
Residential_Construction,06,2023-12-01,312
Residential_Construction,06,2024-01-01,354
Residential_Construction,06,2024-02-01,357
Residential_Construction,06,2024-03-01,390
Residential_Construction,06,2024-04-01,410
Residential_Construction,06,2024-05-01,437
Residential_Construction,06,2024-06-01,511
Residential_Construction,06,2024-07-01,464
Residential_Construction,06,2024-08-01,318
Residential_Construction,06,2024-09-01,390
Residential_Construction,06,2024-10-01,468
Residential_Construction,06,2024-11-01,461
Residential_Construction,06,2024-12-01,426
Residential_Construction,06,2025-01-01,533
Residential_Construction,06,2025-02-01,440
Residential_Construction,06,2025-03-01,525
Residential_Construction,06,2025-04-01,436
Residential_Construction,06,2025-05-01,521
Residential_Construction,07,2023-06-01,571
Residential_Construction,07,2023-07-01,580
Residential_Construction,07,2023-08-01,439
Residential_Construction,07,2023-09-01,511
Residential_Construction,07,2023-10-01,577
Residential_Construction,07,2023-11-01,587
Residential_Construction,07,2023-12-01,540
Residential_Construction,07,2024-01-01,600
Residential_Construction,07,2024-02-01,614
Residential_Construction,07,2024-03-01,642
Residential_Construction,07,2024-04-01,636
Residential_Construction,07,2024-05-01,669
Residential_Construction,07,2024-06-01,785
Residential_Construction,07,2024-07-01,804
Residential_Construction,07,2024-08-01,535
Residential_Construction,07,2024-09-01,667
Residential_Construction,07,2024-10-01,799
Residential_Construction,07,2024-11-01,753
Residential_Construction,07,2024-12-01,756
Residential_Construction,07,2025-01-01,842
Residential_Construction,07,2025-02-01,761
Residential_Construction,07,2025-03-01,843
Residential_Construction,07,2025-04-01,793
Residential_Construction,07,2025-05-01,834
Residential_Construction,08,2023-06-01,91
Residential_Construction,08,2023-07-01,104
Residential_Construction,08,2023-08-01,89
Residential_Construction,08,2023-09-01,96
Residential_Construction,08,2023-10-01,120
Residential_Construction,08,2023-11-01,99
Residential_Construction,08,2023-12-01,83
Residential_Construction,08,2024-01-01,114
Residential_Construction,08,2024-02-01,108
Residential_Construction,08,2024-03-01,104
Residential_Construction,08,2024-04-01,100
Residential_Construction,08,2024-05-01,104
Residential_Construction,08,2024-06-01,110
Residential_Construction,08,2024-07-01,127
Residential_Construction,08,2024-08-01,94
Residential_Construction,08,2024-09-01,128
Residential_Construction,08,2024-10-01,124
Residential_Construction,08,2024-11-01,101
Residential_Construction,08,2024-12-01,103
Residential_Construction,08,2025-01-01,124
Residential_Construction,08,2025-02-01,90
Residential_Construction,08,2025-03-01,117
Residential_Construction,08,2025-04-01,105
Residential_Construction,08,2025-05-01,101
Residential_Construction,09,2023-06-01,46
Residential_Construction,09,2023-07-01,61
Residential_Construction,09,2023-08-01,66
Residential_Construction,09,2023-09-01,56
Residential_Construction,09,2023-10-01,70
Residential_Construction,09,2023-11-01,65
Residential_Construction,09,2023-12-01,74
Residential_Construction,09,2024-01-01,59
Residential_Construction,09,2024-02-01,77
Residential_Construction,09,2024-03-01,80
Residential_Construction,09,2024-04-01,91
Residential_Construction,09,2024-05-01,82
Residential_Construction,09,2024-06-01,106
Residential_Construction,09,2024-07-01,90
Residential_Construction,09,2024-08-01,76
Residential_Construction,09,2024-09-01,96
Residential_Construction,09,2024-10-01,103
Residential_Construction,09,2024-11-01,93
Residential_Construction,09,2024-12-01,113
Residential_Construction,09,2025-01-01,114
Residential_Construction,09,2025-02-01,84
Residential_Construction,09,2025-03-01,104
Residential_Construction,09,2025-04-01,99
Residential_Construction,09,2025-05-01,104
Residential_Construction,10,2023-06-01,197
Residential_Construction,10,2023-07-01,231
Residential_Construction,10,2023-08-01,170
Residential_Construction,10,2023-09-01,213
Residential_Construction,10,2023-10-01,249
Residential_Construction,10,2023-11-01,282
Residential_Construction,10,2023-12-01,242
Residential_Construction,10,2024-01-01,257
Residential_Construction,10,2024-02-01,252
Residential_Construction,10,2024-03-01,288
Residential_Construction,10,2024-04-01,255
Residential_Construction,10,2024-05-01,304
Residential_Construction,10,2024-06-01,330
Residential_Construction,10,2024-07-01,324
Residential_Construction,10,2024-08-01,247
Residential_Construction,10,2024-09-01,276
Residential_Construction,10,2024-10-01,369
Residential_Construction,10,2024-11-01,335
Residential_Construction,10,2024-12-01,324
Residential_Construction,10,2025-01-01,379
Residential_Construction,10,2025-02-01,323
Residential_Construction,10,2025-03-01,395
Residential_Construction,10,2025-04-01,336
Residential_Construction,10,2025-05-01,373
Residential_Construction,11,2023-06-01,129
Residential_Construction,11,2023-07-01,122
Residential_Construction,11,2023-08-01,120
Residential_Construction,11,2023-09-01,131
Residential_Construction,11,2023-10-01,142
Residential_Construction,11,2023-11-01,111
Residential_Construction,11,2023-12-01,111
Residential_Construction,11,2024-01-01,149
Residential_Construction,11,2024-02-01,141
Residential_Construction,11,2024-03-01,160
Residential_Construction,11,2024-04-01,158
Residential_Construction,11,2024-05-01,163
Residential_Construction,11,2024-06-01,207
Residential_Construction,11,2024-07-01,208
Residential_Construction,11,2024-08-01,156
Residential_Construction,11,2024-09-01,190
Residential_Construction,11,2024-10-01,213
Residential_Construction,11,2024-11-01,185
Residential_Construction,11,2024-12-01,183
Residential_Construction,11,2025-01-01,218
Residential_Construction,11,2025-02-01,157
Residential_Construction,11,2025-03-01,197
Residential_Construction,11,2025-04-01,170
Residential_Construction,11,2025-05-01,225
Residential_Construction,12,2023-06-01,67
Residential_Construction,12,2023-07-01,71
Residential_Construction,12,2023-08-01,57
Residential_Construction,12,2023-09-01,65
Residential_Construction,12,2023-10-01,93
Residential_Construction,12,2023-11-01,88
Residential_Construction,12,2023-12-01,70
Residential_Construction,12,2024-01-01,70
Residential_Construction,12,2024-02-01,97
Residential_Construction,12,2024-03-01,112
Residential_Construction,12,2024-04-01,97
Residential_Construction,12,2024-05-01,112
Residential_Construction,12,2024-06-01,106
Residential_Construction,12,2024-07-01,100
Residential_Construction,12,2024-08-01,82
Residential_Construction,12,2024-09-01,105
Residential_Construction,12,2024-10-01,107
Residential_Construction,12,2024-11-01,114
Residential_Construction,12,2024-12-01,112
Residential_Construction,12,2025-01-01,109
Residential_Construction,12,2025-02-01,84
Residential_Construction,12,2025-03-01,117
Residential_Construction,12,2025-04-01,105
Residential_Construction,12,2025-05-01,113
Residential_Construction,13,2023-06-01,46
Residential_Construction,13,2023-07-01,41
Residential_Construction,13,2023-08-01,38
Residential_Construction,13,2023-09-01,35
Residential_Construction,13,2023-10-01,53
Residential_Construction,13,2023-11-01,53
Residential_Construction,13,2023-12-01,55
Residential_Construction,13,2024-01-01,53
Residential_Construction,13,2024-02-01,70
Residential_Construction,13,2024-03-01,59
Residential_Construction,13,2024-04-01,59
Residential_Construction,13,2024-05-01,75
Residential_Construction,13,2024-06-01,67
Residential_Construction,13,2024-07-01,55
Residential_Construction,13,2024-08-01,64
Residential_Construction,13,2024-09-01,65
Residential_Construction,13,2024-10-01,81
Residential_Construction,13,2024-11-01,71
Residential_Construction,13,2024-12-01,81
Residential_Construction,13,2025-01-01,83
Residential_Construction,13,2025-02-01,67
Residential_Construction,13,2025-03-01,87
Residential_Construction,13,2025-04-01,67
Residential_Construction,13,2025-05-01,78
Residential_Construction,14,2023-06-01,112
Residential_Construction,14,2023-07-01,134
Residential_Construction,14,2023-08-01,126
Residential_Construction,14,2023-09-01,125
Residential_Construction,14,2023-10-01,159
Residential_Construction,14,2023-11-01,148
Residential_Construction,14,2023-12-01,139
Residential_Construction,14,2024-01-01,189
Residential_Construction,14,2024-02-01,179
Residential_Construction,14,2024-03-01,169
Residential_Construction,14,2024-04-01,164
Residential_Construction,14,2024-05-01,176
Residential_Construction,14,2024-06-01,193
Residential_Construction,14,2024-07-01,207
Residential_Construction,14,2024-08-01,187
Residential_Construction,14,2024-09-01,203
Residential_Construction,14,2024-10-01,213
Residential_Construction,14,2024-11-01,214
Residential_Construction,14,2024-12-01,217
Residential_Construction,14,2025-01-01,225
Residential_Construction,14,2025-02-01,222
Residential_Construction,14,2025-03-01,265
Residential_Construction,14,2025-04-01,213
Residential_Construction,14,2025-05-01,216
Residential_Construction,15,2023-06-01,94
Residential_Construction,15,2023-07-01,137
Residential_Construction,15,2023-08-01,110
Residential_Construction,15,2023-09-01,122
Residential_Construction,15,2023-10-01,140
Residential_Construction,15,2023-11-01,138
Residential_Construction,15,2023-12-01,140
Residential_Construction,15,2024-01-01,165
Residential_Construction,15,2024-02-01,154
Residential_Construction,15,2024-03-01,182
Residential_Construction,15,2024-04-01,167
Residential_Construction,15,2024-05-01,164
Residential_Construction,15,2024-06-01,180
Residential_Construction,15,2024-07-01,192
Residential_Construction,15,2024-08-01,148
Residential_Construction,15,2024-09-01,167
Residential_Construction,15,2024-10-01,203
Residential_Construction,15,2024-11-01,190
Residential_Construction,15,2024-12-01,191
Residential_Construction,15,2025-01-01,196
Residential_Construction,15,2025-02-01,193
Residential_Construction,15,2025-03-01,220
Residential_Construction,15,2025-04-01,183
Residential_Construction,15,2025-05-01,202
Residential_Construction,16,2023-06-01,99
Residential_Construction,16,2023-07-01,129
Residential_Construction,16,2023-08-01,110
Residential_Construction,16,2023-09-01,124
Residential_Construction,16,2023-10-01,137
Residential_Construction,16,2023-11-01,159
Residential_Construction,16,2023-12-01,142
Residential_Construction,16,2024-01-01,156
Residential_Construction,16,2024-02-01,157
Residential_Construction,16,2024-03-01,175
Residential_Construction,16,2024-04-01,168
Residential_Construction,16,2024-05-01,159
Residential_Construction,16,2024-06-01,180
Residential_Construction,16,2024-07-01,161
Residential_Construction,16,2024-08-01,156
Residential_Construction,16,2024-09-01,186
Residential_Construction,16,2024-10-01,207
Residential_Construction,16,2024-11-01,211
Residential_Construction,16,2024-12-01,227
Residential_Construction,16,2025-01-01,210
Residential_Construction,16,2025-02-01,171
Residential_Construction,16,2025-03-01,221
Residential_Construction,16,2025-04-01,180
Residential_Construction,16,2025-05-01,213
Residential_Construction,17,2023-06-01,35
Residential_Construction,17,2023-07-01,53
Residential_Construction,17,2023-08-01,31
Residential_Construction,17,2023-09-01,20
Residential_Construction,17,2023-10-01,19
Residential_Construction,17,2023-11-01,27
Residential_Construction,17,2023-12-01,16
Residential_Construction,17,2024-01-01,16
Residential_Construction,17,2024-02-01,17
Residential_Construction,17,2024-03-01,29
Residential_Construction,17,2024-04-01,39
Residential_Construction,17,2024-05-01,25
Residential_Construction,17,2024-06-01,37
Residential_Construction,17,2024-07-01,39
Residential_Construction,17,2024-08-01,21
Residential_Construction,17,2024-09-01,15
Residential_Construction,17,2024-10-01,25
Residential_Construction,17,2024-11-01,17
Residential_Construction,17,2024-12-01,15
Residential_Construction,17,2025-01-01,21
Residential_Construction,17,2025-02-01,19
Residential_Construction,17,2025-03-01,45
Residential_Construction,17,2025-04-01,41
Residential_Construction,17,2025-05-01,50
Residential_Construction,18,2023-06-01,233
Residential_Construction,18,2023-07-01,253
Residential_Construction,18,2023-08-01,263
Residential_Construction,18,2023-09-01,371
Residential_Construction,18,2023-10-01,467
Residential_Construction,18,2023-11-01,449
Residential_Construction,18,2023-12-01,450
Residential_Construction,18,2024-01-01,512
Residential_Construction,18,2024-02-01,505
Residential_Construction,18,2024-03-01,546
Residential_Construction,18,2024-04-01,533
Residential_Construction,18,2024-05-01,541
Residential_Construction,18,2024-06-01,632
Residential_Construction,18,2024-07-01,620
Residential_Construction,18,2024-08-01,480
Residential_Construction,18,2024-09-01,590
Residential_Construction,18,2024-10-01,684
Residential_Construction,18,2024-11-01,635
Residential_Construction,18,2024-12-01,623
Residential_Construction,18,2025-01-01,726
Residential_Construction,18,2025-02-01,588
Residential_Construction,18,2025-03-01,732
Residential_Construction,18,2025-04-01,596
Residential_Construction,18,2025-05-01,685
Residential_Construction,70,2023-06-01,252
Residential_Construction,70,2023-07-01,252
Residential_Construction,70,2023-08-01,153
Residential_Construction,70,2023-09-01,204
Residential_Construction,70,2023-10-01,258
Residential_Construction,70,2023-11-01,240
Residential_Construction,70,2023-12-01,249
Residential_Construction,70,2024-01-01,245
Residential_Construction,70,2024-02-01,265
Residential_Construction,70,2024-03-01,273
Residential_Construction,70,2024-04-01,287
Residential_Construction,70,2024-05-01,323
Residential_Construction,70,2024-06-01,378
Residential_Construction,70,2024-07-01,349
Residential_Construction,70,2024-08-01,214
Residential_Construction,70,2024-09-01,284
Residential_Construction,70,2024-10-01,324
Residential_Construction,70,2024-11-01,311
Residential_Construction,70,2024-12-01,317
Residential_Construction,70,2025-01-01,379
Residential_Construction,70,2025-02-01,338
Residential_Construction,70,2025-03-01,390
Residential_Construction,70,2025-04-01,337
Residential_Construction,70,2025-05-01,410
Residential_Construction,97,2023-06-01,761
Residential_Construction,97,2023-07-01,737
Residential_Construction,97,2023-08-01,597
Residential_Construction,97,2023-09-01,741
Residential_Construction,97,2023-10-01,855
Residential_Construction,97,2023-11-01,839
Residential_Construction,97,2023-12-01,783
Residential_Construction,97,2024-01-01,868
Residential_Construction,97,2024-02-01,866
Residential_Construction,97,2024-03-01,913
Residential_Construction,97,2024-04-01,984
Residential_Construction,97,2024-05-01,1032
Residential_Construction,97,2024-06-01,1177
Residential_Construction,97,2024-07-01,1218
Residential_Construction,97,2024-08-01,721
Residential_Construction,97,2024-09-01,906
Residential_Construction,97,2024-10-01,982
Residential_Construction,97,2024-11-01,987
Residential_Construction,97,2024-12-01,889
Residential_Construction,97,2025-01-01,1060
Residential_Construction,97,2025-02-01,940
Residential_Construction,97,2025-03-01,1109
Residential_Construction,97,2025-04-01,1017
Residential_Construction,97,2025-05-01,1063
Retail,01,2023-06-01,66
Retail,01,2023-07-01,80
Retail,01,2023-08-01,89
Retail,01,2023-09-01,77
Retail,01,2023-10-01,99
Retail,01,2023-11-01,77
Retail,01,2023-12-01,52
Retail,01,2024-01-01,77
Retail,01,2024-02-01,75
Retail,01,2024-03-01,88
Retail,01,2024-04-01,76
Retail,01,2024-05-01,93
Retail,01,2024-06-01,82
Retail,01,2024-07-01,96
Retail,01,2024-08-01,69
Retail,01,2024-09-01,82
Retail,01,2024-10-01,97
Retail,01,2024-11-01,70
Retail,01,2024-12-01,70
Retail,01,2025-01-01,89
Retail,01,2025-02-01,83
Retail,01,2025-03-01,81
Retail,01,2025-04-01,86
Retail,01,2025-05-01,74
Retail,02,2023-06-01,238
Retail,02,2023-07-01,238
Retail,02,2023-08-01,294
Retail,02,2023-09-01,305
Retail,02,2023-10-01,376
Retail,02,2023-11-01,352
Retail,02,2023-12-01,233
Retail,02,2024-01-01,339
Retail,02,2024-02-01,289
Retail,02,2024-03-01,351
Retail,02,2024-04-01,342
Retail,02,2024-05-01,331
Retail,02,2024-06-01,319
Retail,02,2024-07-01,340
Retail,02,2024-08-01,320
Retail,02,2024-09-01,352
Retail,02,2024-10-01,376
Retail,02,2024-11-01,367
Retail,02,2024-12-01,263
Retail,02,2025-01-01,318
Retail,02,2025-02-01,317
Retail,02,2025-03-01,373
Retail,02,2025-04-01,311
Retail,02,2025-05-01,279
Retail,03,2023-06-01,187
Retail,03,2023-07-01,196
Retail,03,2023-08-01,235
Retail,03,2023-09-01,230
Retail,03,2023-10-01,266
Retail,03,2023-11-01,198
Retail,03,2023-12-01,178
Retail,03,2024-01-01,236
Retail,03,2024-02-01,193
Retail,03,2024-03-01,211
Retail,03,2024-04-01,200
Retail,03,2024-05-01,188
Retail,03,2024-06-01,212
Retail,03,2024-07-01,220
Retail,03,2024-08-01,224
Retail,03,2024-09-01,240
Retail,03,2024-10-01,220
Retail,03,2024-11-01,188
Retail,03,2024-12-01,187
Retail,03,2025-01-01,227
Retail,03,2025-02-01,197
Retail,03,2025-03-01,216
Retail,03,2025-04-01,156
Retail,03,2025-05-01,177
Retail,04,2023-06-01,125
Retail,04,2023-07-01,125
Retail,04,2023-08-01,151
Retail,04,2023-09-01,168
Retail,04,2023-10-01,184
Retail,04,2023-11-01,169
Retail,04,2023-12-01,131
Retail,04,2024-01-01,166
Retail,04,2024-02-01,143
Retail,04,2024-03-01,162
Retail,04,2024-04-01,163
Retail,04,2024-05-01,180
Retail,04,2024-06-01,163
Retail,04,2024-07-01,201
Retail,04,2024-08-01,168
Retail,04,2024-09-01,194
Retail,04,2024-10-01,213
Retail,04,2024-11-01,174
Retail,04,2024-12-01,141
Retail,04,2025-01-01,214
Retail,04,2025-02-01,167
Retail,04,2025-03-01,176
Retail,04,2025-04-01,164
Retail,04,2025-05-01,165
Retail,05,2023-06-01,29
Retail,05,2023-07-01,39
Retail,05,2023-08-01,35
Retail,05,2023-09-01,39
Retail,05,2023-10-01,31
Retail,05,2023-11-01,44
Retail,05,2023-12-01,31
Retail,05,2024-01-01,26
Retail,05,2024-02-01,37
Retail,05,2024-03-01,57
Retail,05,2024-04-01,32
Retail,05,2024-05-01,55
Retail,05,2024-06-01,28
Retail,05,2024-07-01,61
Retail,05,2024-08-01,48
Retail,05,2024-09-01,49
Retail,05,2024-10-01,48
Retail,05,2024-11-01,47
Retail,05,2024-12-01,56
Retail,05,2025-01-01,50
Retail,05,2025-02-01,47
Retail,05,2025-03-01,43
Retail,05,2025-04-01,40
Retail,05,2025-05-01,59
Retail,06,2023-06-01,78
Retail,06,2023-07-01,102
Retail,06,2023-08-01,109
Retail,06,2023-09-01,125
Retail,06,2023-10-01,130
Retail,06,2023-11-01,138
Retail,06,2023-12-01,89
Retail,06,2024-01-01,119
Retail,06,2024-02-01,123
Retail,06,2024-03-01,134
Retail,06,2024-04-01,124
Retail,06,2024-05-01,149
Retail,06,2024-06-01,127
Retail,06,2024-07-01,164
Retail,06,2024-08-01,120
Retail,06,2024-09-01,130
Retail,06,2024-10-01,155
Retail,06,2024-11-01,140
Retail,06,2024-12-01,98
Retail,06,2025-01-01,142
Retail,06,2025-02-01,109
Retail,06,2025-03-01,134
Retail,06,2025-04-01,117
Retail,06,2025-05-01,136
Retail,07,2023-06-01,175
Retail,07,2023-07-01,189
Retail,07,2023-08-01,218
Retail,07,2023-09-01,195
Retail,07,2023-10-01,217
Retail,07,2023-11-01,213
Retail,07,2023-12-01,134
Retail,07,2024-01-01,163
Retail,07,2024-02-01,158
Retail,07,2024-03-01,207
Retail,07,2024-04-01,185
Retail,07,2024-05-01,207
Retail,07,2024-06-01,182
Retail,07,2024-07-01,196
Retail,07,2024-08-01,184
Retail,07,2024-09-01,204
Retail,07,2024-10-01,228
Retail,07,2024-11-01,207
Retail,07,2024-12-01,179
Retail,07,2025-01-01,205
Retail,07,2025-02-01,181
Retail,07,2025-03-01,234
Retail,07,2025-04-01,205
Retail,07,2025-05-01,190
Retail,08,2023-06-01,115
Retail,08,2023-07-01,91
Retail,08,2023-08-01,109
Retail,08,2023-09-01,115
Retail,08,2023-10-01,135
Retail,08,2023-11-01,124
Retail,08,2023-12-01,112
Retail,08,2024-01-01,131
Retail,08,2024-02-01,101
Retail,08,2024-03-01,116
Retail,08,2024-04-01,135
Retail,08,2024-05-01,127
Retail,08,2024-06-01,111
Retail,08,2024-07-01,125
Retail,08,2024-08-01,97
Retail,08,2024-09-01,126
Retail,08,2024-10-01,131
Retail,08,2024-11-01,114
Retail,08,2024-12-01,91
Retail,08,2025-01-01,105
Retail,08,2025-02-01,112
Retail,08,2025-03-01,126
Retail,08,2025-04-01,100
Retail,08,2025-05-01,92
Retail,09,2023-06-01,64
Retail,09,2023-07-01,54
Retail,09,2023-08-01,67
Retail,09,2023-09-01,51
Retail,09,2023-10-01,64
Retail,09,2023-11-01,77
Retail,09,2023-12-01,70
Retail,09,2024-01-01,65
Retail,09,2024-02-01,53
Retail,09,2024-03-01,88
Retail,09,2024-04-01,84
Retail,09,2024-05-01,80
Retail,09,2024-06-01,102
Retail,09,2024-07-01,94
Retail,09,2024-08-01,90
Retail,09,2024-09-01,89
Retail,09,2024-10-01,112
Retail,09,2024-11-01,94
Retail,09,2024-12-01,79
Retail,09,2025-01-01,93
Retail,09,2025-02-01,89
Retail,09,2025-03-01,103
Retail,09,2025-04-01,80
Retail,09,2025-05-01,92
Retail,10,2023-06-01,92
Retail,10,2023-07-01,115
Retail,10,2023-08-01,128
Retail,10,2023-09-01,119
Retail,10,2023-10-01,170
Retail,10,2023-11-01,174
Retail,10,2023-12-01,128
Retail,10,2024-01-01,140
Retail,10,2024-02-01,138
Retail,10,2024-03-01,153
Retail,10,2024-04-01,120
Retail,10,2024-05-01,131
Retail,10,2024-06-01,137
Retail,10,2024-07-01,161
Retail,10,2024-08-01,153
Retail,10,2024-09-01,177
Retail,10,2024-10-01,174
Retail,10,2024-11-01,199
Retail,10,2024-12-01,159
Retail,10,2025-01-01,193
Retail,10,2025-02-01,156
Retail,10,2025-03-01,177
Retail,10,2025-04-01,162
Retail,10,2025-05-01,148
Retail,11,2023-06-01,55
Retail,11,2023-07-01,87
Retail,11,2023-08-01,83
Retail,11,2023-09-01,62
Retail,11,2023-10-01,71
Retail,11,2023-11-01,97
Retail,11,2023-12-01,81
Retail,11,2024-01-01,83
Retail,11,2024-02-01,67
Retail,11,2024-03-01,103
Retail,11,2024-04-01,103
Retail,11,2024-05-01,102
Retail,11,2024-06-01,93
Retail,11,2024-07-01,136
Retail,11,2024-08-01,132
Retail,11,2024-09-01,102
Retail,11,2024-10-01,129
Retail,11,2024-11-01,124
Retail,11,2024-12-01,114
Retail,11,2025-01-01,129
Retail,11,2025-02-01,107
Retail,11,2025-03-01,121
Retail,11,2025-04-01,93
Retail,11,2025-05-01,157
Retail,12,2023-06-01,53
Retail,12,2023-07-01,65
Retail,12,2023-08-01,56
Retail,12,2023-09-01,57
Retail,12,2023-10-01,73
Retail,12,2023-11-01,72
Retail,12,2023-12-01,52
Retail,12,2024-01-01,68
Retail,12,2024-02-01,71
Retail,12,2024-03-01,88
Retail,12,2024-04-01,88
Retail,12,2024-05-01,76
Retail,12,2024-06-01,79
Retail,12,2024-07-01,87
Retail,12,2024-08-01,72
Retail,12,2024-09-01,86
Retail,12,2024-10-01,104
Retail,12,2024-11-01,88
Retail,12,2024-12-01,63
Retail,12,2025-01-01,83
Retail,12,2025-02-01,77
Retail,12,2025-03-01,77
Retail,12,2025-04-01,79
Retail,12,2025-05-01,76
Retail,13,2023-06-01,34
Retail,13,2023-07-01,39
Retail,13,2023-08-01,53
Retail,13,2023-09-01,60
Retail,13,2023-10-01,51
Retail,13,2023-11-01,70
Retail,13,2023-12-01,45
Retail,13,2024-01-01,55
Retail,13,2024-02-01,39
Retail,13,2024-03-01,65
Retail,13,2024-04-01,64
Retail,13,2024-05-01,60
Retail,13,2024-06-01,64
Retail,13,2024-07-01,52
Retail,13,2024-08-01,41
Retail,13,2024-09-01,65
Retail,13,2024-10-01,80
Retail,13,2024-11-01,73
Retail,13,2024-12-01,49
Retail,13,2025-01-01,76
Retail,13,2025-02-01,52
Retail,13,2025-03-01,54
Retail,13,2025-04-01,48
Retail,13,2025-05-01,42
Retail,14,2023-06-01,95
Retail,14,2023-07-01,120
Retail,14,2023-08-01,151
Retail,14,2023-09-01,130
Retail,14,2023-10-01,154
Retail,14,2023-11-01,138
Retail,14,2023-12-01,127
Retail,14,2024-01-01,151
Retail,14,2024-02-01,145
Retail,14,2024-03-01,187
Retail,14,2024-04-01,171
Retail,14,2024-05-01,154
Retail,14,2024-06-01,151
Retail,14,2024-07-01,159
Retail,14,2024-08-01,192
Retail,14,2024-09-01,151
Retail,14,2024-10-01,209
Retail,14,2024-11-01,187
Retail,14,2024-12-01,143
Retail,14,2025-01-01,194
Retail,14,2025-02-01,147
Retail,14,2025-03-01,174
Retail,14,2025-04-01,166
Retail,14,2025-05-01,176
Retail,15,2023-06-01,136
Retail,15,2023-07-01,118
Retail,15,2023-08-01,155
Retail,15,2023-09-01,120
Retail,15,2023-10-01,169
Retail,15,2023-11-01,159
Retail,15,2023-12-01,134
Retail,15,2024-01-01,156
Retail,15,2024-02-01,147
Retail,15,2024-03-01,196
Retail,15,2024-04-01,179
Retail,15,2024-05-01,166
Retail,15,2024-06-01,188
Retail,15,2024-07-01,168
Retail,15,2024-08-01,190
Retail,15,2024-09-01,147
Retail,15,2024-10-01,213
Retail,15,2024-11-01,184
Retail,15,2024-12-01,150
Retail,15,2025-01-01,167
Retail,15,2025-02-01,174
Retail,15,2025-03-01,197
Retail,15,2025-04-01,171
Retail,15,2025-05-01,183
Retail,16,2023-06-01,134
Retail,16,2023-07-01,152
Retail,16,2023-08-01,184
Retail,16,2023-09-01,155
Retail,16,2023-10-01,200
Retail,16,2023-11-01,211
Retail,16,2023-12-01,151
Retail,16,2024-01-01,186
Retail,16,2024-02-01,200
Retail,16,2024-03-01,230
Retail,16,2024-04-01,197
Retail,16,2024-05-01,204
Retail,16,2024-06-01,198
Retail,16,2024-07-01,200
Retail,16,2024-08-01,212
Retail,16,2024-09-01,181
Retail,16,2024-10-01,238
Retail,16,2024-11-01,275
Retail,16,2024-12-01,171
Retail,16,2025-01-01,204
Retail,16,2025-02-01,189
Retail,16,2025-03-01,243
Retail,16,2025-04-01,204
Retail,16,2025-05-01,203
Retail,17,2023-06-01,62
Retail,17,2023-07-01,71
Retail,17,2023-08-01,61
Retail,17,2023-09-01,31
Retail,17,2023-10-01,34
Retail,17,2023-11-01,27
Retail,17,2023-12-01,18
Retail,17,2024-01-01,24
Retail,17,2024-02-01,21
Retail,17,2024-03-01,41
Retail,17,2024-04-01,52
Retail,17,2024-05-01,40
Retail,17,2024-06-01,54
Retail,17,2024-07-01,33
Retail,17,2024-08-01,36
Retail,17,2024-09-01,25
Retail,17,2024-10-01,17
Retail,17,2024-11-01,19
Retail,17,2024-12-01,12
Retail,17,2025-01-01,21
Retail,17,2025-02-01,22
Retail,17,2025-03-01,52
Retail,17,2025-04-01,33
Retail,17,2025-05-01,52
Retail,18,2023-06-01,262
Retail,18,2023-07-01,256
Retail,18,2023-08-01,315
Retail,18,2023-09-01,347
Retail,18,2023-10-01,392
Retail,18,2023-11-01,431
Retail,18,2023-12-01,288
Retail,18,2024-01-01,392
Retail,18,2024-02-01,359
Retail,18,2024-03-01,382
Retail,18,2024-04-01,373
Retail,18,2024-05-01,392
Retail,18,2024-06-01,369
Retail,18,2024-07-01,409
Retail,18,2024-08-01,405
Retail,18,2024-09-01,429
Retail,18,2024-10-01,464
Retail,18,2024-11-01,435
Retail,18,2024-12-01,351
Retail,18,2025-01-01,446
Retail,18,2025-02-01,369
Retail,18,2025-03-01,425
Retail,18,2025-04-01,376
Retail,18,2025-05-01,382
Retail,70,2023-06-01,26
Retail,70,2023-07-01,31
Retail,70,2023-08-01,21
Retail,70,2023-09-01,34
Retail,70,2023-10-01,39
Retail,70,2023-11-01,40
Retail,70,2023-12-01,22
Retail,70,2024-01-01,26
Retail,70,2024-02-01,35
Retail,70,2024-03-01,36
Retail,70,2024-04-01,31
Retail,70,2024-05-01,42
Retail,70,2024-06-01,31
Retail,70,2024-07-01,35
Retail,70,2024-08-01,32
Retail,70,2024-09-01,34
Retail,70,2024-10-01,40
Retail,70,2024-11-01,34
Retail,70,2024-12-01,34
Retail,70,2025-01-01,42
Retail,70,2025-02-01,38
Retail,70,2025-03-01,45
Retail,70,2025-04-01,34
Retail,70,2025-05-01,37
Retail,97,2023-06-01,728
Retail,97,2023-07-01,683
Retail,97,2023-08-01,726
Retail,97,2023-09-01,783
Retail,97,2023-10-01,906
Retail,97,2023-11-01,842
Retail,97,2023-12-01,627
Retail,97,2024-01-01,786
Retail,97,2024-02-01,735
Retail,97,2024-03-01,840
Retail,97,2024-04-01,818
Retail,97,2024-05-01,825
Retail,97,2024-06-01,827
Retail,97,2024-07-01,862
Retail,97,2024-08-01,696
Retail,97,2024-09-01,801
Retail,97,2024-10-01,856
Retail,97,2024-11-01,803
Retail,97,2024-12-01,589
Retail,97,2025-01-01,788
Retail,97,2025-02-01,718
Retail,97,2025-03-01,839
Retail,97,2025-04-01,755
Retail,97,2025-05-01,671
Service,01,2023-06-01,120
Service,01,2023-07-01,118
Service,01,2023-08-01,133
Service,01,2023-09-01,139
Service,01,2023-10-01,143
Service,01,2023-11-01,146
Service,01,2023-12-01,142
Service,01,2024-01-01,149
Service,01,2024-02-01,148
Service,01,2024-03-01,139
Service,01,2024-04-01,151
Service,01,2024-05-01,133
Service,01,2024-06-01,145
Service,01,2024-07-01,144
Service,01,2024-08-01,147
Service,01,2024-09-01,163
Service,01,2024-10-01,158
Service,01,2024-11-01,160
Service,01,2024-12-01,119
Service,01,2025-01-01,142
Service,01,2025-02-01,134
Service,01,2025-03-01,148
Service,01,2025-04-01,117
Service,01,2025-05-01,119
Service,02,2023-06-01,222
Service,02,2023-07-01,253
Service,02,2023-08-01,269
Service,02,2023-09-01,324
Service,02,2023-10-01,336
Service,02,2023-11-01,330
Service,02,2023-12-01,322
Service,02,2024-01-01,339
Service,02,2024-02-01,322
Service,02,2024-03-01,308
Service,02,2024-04-01,269
Service,02,2024-05-01,252
Service,02,2024-06-01,263
Service,02,2024-07-01,328
Service,02,2024-08-01,344
Service,02,2024-09-01,348
Service,02,2024-10-01,363
Service,02,2024-11-01,316
Service,02,2024-12-01,288
Service,02,2025-01-01,354
Service,02,2025-02-01,280
Service,02,2025-03-01,310
Service,02,2025-04-01,258
Service,02,2025-05-01,228
Service,03,2023-06-01,297
Service,03,2023-07-01,321
Service,03,2023-08-01,375
Service,03,2023-09-01,421
Service,03,2023-10-01,443
Service,03,2023-11-01,390
Service,03,2023-12-01,387
Service,03,2024-01-01,375
Service,03,2024-02-01,380
Service,03,2024-03-01,379
Service,03,2024-04-01,323
Service,03,2024-05-01,294
Service,03,2024-06-01,298
Service,03,2024-07-01,395
Service,03,2024-08-01,468
Service,03,2024-09-01,451
Service,03,2024-10-01,392
Service,03,2024-11-01,315
Service,03,2024-12-01,358
Service,03,2025-01-01,410
Service,03,2025-02-01,320
Service,03,2025-03-01,339
Service,03,2025-04-01,303
Service,03,2025-05-01,240
Service,04,2023-06-01,162
Service,04,2023-07-01,190
Service,04,2023-08-01,190
Service,04,2023-09-01,219
Service,04,2023-10-01,227
Service,04,2023-11-01,220
Service,04,2023-12-01,236
Service,04,2024-01-01,230
Service,04,2024-02-01,229
Service,04,2024-03-01,213
Service,04,2024-04-01,223
Service,04,2024-05-01,225
Service,04,2024-06-01,231
Service,04,2024-07-01,240
Service,04,2024-08-01,216
Service,04,2024-09-01,307
Service,04,2024-10-01,254
Service,04,2024-11-01,249
Service,04,2024-12-01,228
Service,04,2025-01-01,245
Service,04,2025-02-01,240
Service,04,2025-03-01,278
Service,04,2025-04-01,243
Service,04,2025-05-01,231
Service,05,2023-06-01,72
Service,05,2023-07-01,79
Service,05,2023-08-01,80
Service,05,2023-09-01,85
Service,05,2023-10-01,73
Service,05,2023-11-01,80
Service,05,2023-12-01,79
Service,05,2024-01-01,67
Service,05,2024-02-01,73
Service,05,2024-03-01,95
Service,05,2024-04-01,93
Service,05,2024-05-01,78
Service,05,2024-06-01,106
Service,05,2024-07-01,100
Service,05,2024-08-01,92
Service,05,2024-09-01,91
Service,05,2024-10-01,110
Service,05,2024-11-01,96
Service,05,2024-12-01,104
Service,05,2025-01-01,97
Service,05,2025-02-01,75
Service,05,2025-03-01,128
Service,05,2025-04-01,92
Service,05,2025-05-01,87
Service,06,2023-06-01,138
Service,06,2023-07-01,148
Service,06,2023-08-01,145
Service,06,2023-09-01,185
Service,06,2023-10-01,185
Service,06,2023-11-01,149
Service,06,2023-12-01,185
Service,06,2024-01-01,198
Service,06,2024-02-01,209
Service,06,2024-03-01,209
Service,06,2024-04-01,211
Service,06,2024-05-01,217
Service,06,2024-06-01,235
Service,06,2024-07-01,217
Service,06,2024-08-01,189
Service,06,2024-09-01,223
Service,06,2024-10-01,236
Service,06,2024-11-01,208
Service,06,2024-12-01,200
Service,06,2025-01-01,227
Service,06,2025-02-01,200
Service,06,2025-03-01,233
Service,06,2025-04-01,203
Service,06,2025-05-01,182
Service,07,2023-06-01,240
Service,07,2023-07-01,231
Service,07,2023-08-01,239
Service,07,2023-09-01,244
Service,07,2023-10-01,245
Service,07,2023-11-01,240
Service,07,2023-12-01,232
Service,07,2024-01-01,266
Service,07,2024-02-01,268
Service,07,2024-03-01,286
Service,07,2024-04-01,295
Service,07,2024-05-01,266
Service,07,2024-06-01,305
Service,07,2024-07-01,284
Service,07,2024-08-01,210
Service,07,2024-09-01,316
Service,07,2024-10-01,334
Service,07,2024-11-01,296
Service,07,2024-12-01,298
Service,07,2025-01-01,298
Service,07,2025-02-01,284
Service,07,2025-03-01,325
Service,07,2025-04-01,288
Service,07,2025-05-01,263
Service,08,2023-06-01,147
Service,08,2023-07-01,163
Service,08,2023-08-01,146
Service,08,2023-09-01,197
Service,08,2023-10-01,152
Service,08,2023-11-01,164
Service,08,2023-12-01,156
Service,08,2024-01-01,161
Service,08,2024-02-01,161
Service,08,2024-03-01,147
Service,08,2024-04-01,172
Service,08,2024-05-01,145
Service,08,2024-06-01,149
Service,08,2024-07-01,148
Service,08,2024-08-01,132
Service,08,2024-09-01,160
Service,08,2024-10-01,161
Service,08,2024-11-01,147
Service,08,2024-12-01,139
Service,08,2025-01-01,151
Service,08,2025-02-01,132
Service,08,2025-03-01,127
Service,08,2025-04-01,112
Service,08,2025-05-01,105
Service,09,2023-06-01,72
Service,09,2023-07-01,71
Service,09,2023-08-01,98
Service,09,2023-09-01,83
Service,09,2023-10-01,121
Service,09,2023-11-01,91
Service,09,2023-12-01,108
Service,09,2024-01-01,124
Service,09,2024-02-01,103
Service,09,2024-03-01,112
Service,09,2024-04-01,96
Service,09,2024-05-01,106
Service,09,2024-06-01,109
Service,09,2024-07-01,129
Service,09,2024-08-01,142
Service,09,2024-09-01,125
Service,09,2024-10-01,122
Service,09,2024-11-01,121
Service,09,2024-12-01,141
Service,09,2025-01-01,139
Service,09,2025-02-01,105
Service,09,2025-03-01,130
Service,09,2025-04-01,110
Service,09,2025-05-01,128
Service,10,2023-06-01,164
Service,10,2023-07-01,184
Service,10,2023-08-01,163
Service,10,2023-09-01,186
Service,10,2023-10-01,223
Service,10,2023-11-01,253
Service,10,2023-12-01,233
Service,10,2024-01-01,229
Service,10,2024-02-01,243
Service,10,2024-03-01,229
Service,10,2024-04-01,236
Service,10,2024-05-01,222
Service,10,2024-06-01,215
Service,10,2024-07-01,273
Service,10,2024-08-01,270
Service,10,2024-09-01,293
Service,10,2024-10-01,309
Service,10,2024-11-01,285
Service,10,2024-12-01,272
Service,10,2025-01-01,302
Service,10,2025-02-01,234
Service,10,2025-03-01,280
Service,10,2025-04-01,248
Service,10,2025-05-01,237
Service,11,2023-06-01,139
Service,11,2023-07-01,160
Service,11,2023-08-01,148
Service,11,2023-09-01,161
Service,11,2023-10-01,149
Service,11,2023-11-01,143
Service,11,2023-12-01,169
Service,11,2024-01-01,160
Service,11,2024-02-01,178
Service,11,2024-03-01,180
Service,11,2024-04-01,203
Service,11,2024-05-01,203
Service,11,2024-06-01,222
Service,11,2024-07-01,267
Service,11,2024-08-01,205
Service,11,2024-09-01,213
Service,11,2024-10-01,244
Service,11,2024-11-01,198
Service,11,2024-12-01,192
Service,11,2025-01-01,242
Service,11,2025-02-01,183
Service,11,2025-03-01,216
Service,11,2025-04-01,205
Service,11,2025-05-01,220
Service,12,2023-06-01,74
Service,12,2023-07-01,82
Service,12,2023-08-01,97
Service,12,2023-09-01,93
Service,12,2023-10-01,100
Service,12,2023-11-01,112
Service,12,2023-12-01,101
Service,12,2024-01-01,112
Service,12,2024-02-01,87
Service,12,2024-03-01,120
Service,12,2024-04-01,120
Service,12,2024-05-01,134
Service,12,2024-06-01,124
Service,12,2024-07-01,140
Service,12,2024-08-01,115
Service,12,2024-09-01,132
Service,12,2024-10-01,148
Service,12,2024-11-01,117
Service,12,2024-12-01,125
Service,12,2025-01-01,143
Service,12,2025-02-01,103
Service,12,2025-03-01,121
Service,12,2025-04-01,99
Service,12,2025-05-01,134
Service,13,2023-06-01,64
Service,13,2023-07-01,73
Service,13,2023-08-01,76
Service,13,2023-09-01,76
Service,13,2023-10-01,69
Service,13,2023-11-01,96
Service,13,2023-12-01,91
Service,13,2024-01-01,95
Service,13,2024-02-01,94
Service,13,2024-03-01,82
Service,13,2024-04-01,95
Service,13,2024-05-01,88
Service,13,2024-06-01,93
Service,13,2024-07-01,100
Service,13,2024-08-01,77
Service,13,2024-09-01,93
Service,13,2024-10-01,125
Service,13,2024-11-01,92
Service,13,2024-12-01,96
Service,13,2025-01-01,108
Service,13,2025-02-01,85
Service,13,2025-03-01,81
Service,13,2025-04-01,83
Service,13,2025-05-01,79
Service,14,2023-06-01,146
Service,14,2023-07-01,162
Service,14,2023-08-01,177
Service,14,2023-09-01,196
Service,14,2023-10-01,200
Service,14,2023-11-01,168
Service,14,2023-12-01,190
Service,14,2024-01-01,225
Service,14,2024-02-01,223
Service,14,2024-03-01,210
Service,14,2024-04-01,225
Service,14,2024-05-01,231
Service,14,2024-06-01,241
Service,14,2024-07-01,235
Service,14,2024-08-01,235
Service,14,2024-09-01,273
Service,14,2024-10-01,240
Service,14,2024-11-01,233
Service,14,2024-12-01,233
Service,14,2025-01-01,279
Service,14,2025-02-01,217
Service,14,2025-03-01,263
Service,14,2025-04-01,217
Service,14,2025-05-01,236
Service,15,2023-06-01,183
Service,15,2023-07-01,171
Service,15,2023-08-01,190
Service,15,2023-09-01,204
Service,15,2023-10-01,215
Service,15,2023-11-01,221
Service,15,2023-12-01,204
Service,15,2024-01-01,250
Service,15,2024-02-01,229
Service,15,2024-03-01,236
Service,15,2024-04-01,220
Service,15,2024-05-01,258
Service,15,2024-06-01,273
Service,15,2024-07-01,257
Service,15,2024-08-01,253
Service,15,2024-09-01,267
Service,15,2024-10-01,262
Service,15,2024-11-01,227
Service,15,2024-12-01,239
Service,15,2025-01-01,273
Service,15,2025-02-01,224
Service,15,2025-03-01,248
Service,15,2025-04-01,221
Service,15,2025-05-01,244
Service,16,2023-06-01,175
Service,16,2023-07-01,173
Service,16,2023-08-01,200
Service,16,2023-09-01,205
Service,16,2023-10-01,217
Service,16,2023-11-01,252
Service,16,2023-12-01,237
Service,16,2024-01-01,233
Service,16,2024-02-01,228
Service,16,2024-03-01,241
Service,16,2024-04-01,224
Service,16,2024-05-01,225
Service,16,2024-06-01,239
Service,16,2024-07-01,257
Service,16,2024-08-01,206
Service,16,2024-09-01,283
Service,16,2024-10-01,271
Service,16,2024-11-01,273
Service,16,2024-12-01,259
Service,16,2025-01-01,274
Service,16,2025-02-01,210
Service,16,2025-03-01,243
Service,16,2025-04-01,228
Service,16,2025-05-01,244
Service,17,2023-06-01,62
Service,17,2023-07-01,48
Service,17,2023-08-01,62
Service,17,2023-09-01,34
Service,17,2023-10-01,23
Service,17,2023-11-01,28
Service,17,2023-12-01,26
Service,17,2024-01-01,24
Service,17,2024-02-01,17
Service,17,2024-03-01,36
Service,17,2024-04-01,65
Service,17,2024-05-01,48
Service,17,2024-06-01,56
Service,17,2024-07-01,52
Service,17,2024-08-01,40
Service,17,2024-09-01,29
Service,17,2024-10-01,27
Service,17,2024-11-01,27
Service,17,2024-12-01,17
Service,17,2025-01-01,27
Service,17,2025-02-01,28
Service,17,2025-03-01,42
Service,17,2025-04-01,41
Service,17,2025-05-01,54
Service,18,2023-06-01,280
Service,18,2023-07-01,344
Service,18,2023-08-01,358
Service,18,2023-09-01,462
Service,18,2023-10-01,527
Service,18,2023-11-01,479
Service,18,2023-12-01,474
Service,18,2024-01-01,531
Service,18,2024-02-01,521
Service,18,2024-03-01,503
Service,18,2024-04-01,479
Service,18,2024-05-01,485
Service,18,2024-06-01,482
Service,18,2024-07-01,552
Service,18,2024-08-01,529
Service,18,2024-09-01,609
Service,18,2024-10-01,558
Service,18,2024-11-01,519
Service,18,2024-12-01,517
Service,18,2025-01-01,589
Service,18,2025-02-01,518
Service,18,2025-03-01,555
Service,18,2025-04-01,514
Service,18,2025-05-01,513
Service,70,2023-06-01,67
Service,70,2023-07-01,69
Service,70,2023-08-01,40
Service,70,2023-09-01,54
Service,70,2023-10-01,72
Service,70,2023-11-01,72
Service,70,2023-12-01,71
Service,70,2024-01-01,86
Service,70,2024-02-01,76
Service,70,2024-03-01,90
Service,70,2024-04-01,93
Service,70,2024-05-01,81
Service,70,2024-06-01,108
Service,70,2024-07-01,74
Service,70,2024-08-01,63
Service,70,2024-09-01,100
Service,70,2024-10-01,93
Service,70,2024-11-01,82
Service,70,2024-12-01,94
Service,70,2025-01-01,97
Service,70,2025-02-01,85
Service,70,2025-03-01,107
Service,70,2025-04-01,95
Service,70,2025-05-01,93
Service,97,2023-06-01,822
Service,97,2023-07-01,829
Service,97,2023-08-01,831
Service,97,2023-09-01,1061
Service,97,2023-10-01,1047
Service,97,2023-11-01,1015
Service,97,2023-12-01,988
Service,97,2024-01-01,1044
Service,97,2024-02-01,1008
Service,97,2024-03-01,1010
Service,97,2024-04-01,986
Service,97,2024-05-01,996
Service,97,2024-06-01,1008
Service,97,2024-07-01,1097
Service,97,2024-08-01,910
Service,97,2024-09-01,1071
Service,97,2024-10-01,1010
Service,97,2024-11-01,984
Service,97,2024-12-01,887
Service,97,2025-01-01,1024
Service,97,2025-02-01,884
Service,97,2025-03-01,1009
Service,97,2025-04-01,951
Service,97,2025-05-01,829